,Mano,Grande,Stddev_grande,Grande_value
872,R R R R (1),100.0,0.0,8888.4
1045,R R R R (2),99.9983,0.0190026,8888.3
1219,R R R R (3),99.9966,0.0272763,8888.2
1276,R R R R (4),99.995,0.0330653,8888.1
1289,R R R C (1),99.9744,0.0417345,8887.4
134,R R R C (2),99.9236,0.072098,8887.3
305,R R R C (3),99.8725,0.0930951,8887.2
367,R R R C (4),99.822,0.110024,8887.1
382,R R R S (1),99.7706,0.124805,8886.4
550,R R R S (2),99.7202,0.137867,8886.3
730,R R R S (3),99.6689,0.149716,8886.2
795,R R R S (4),99.618,0.160852,8886.1
808,R R R 7 (1),99.5673,0.171385,8885.4
978,R R R 7 (2),99.5162,0.180674,8885.3
1150,R R R 7 (3),99.4651,0.190082,8885.2
1209,R R R 7 (4),99.4146,0.198675,8885.1
1224,R R R 6 (1),99.3633,0.207576,8884.4
71,R R R 6 (2),99.312,0.215354,8884.3
245,R R R 6 (3),99.2613,0.22362,8884.2
301,R R R 6 (4),99.2103,0.23092,8884.1
309,R R R 5 (1),99.1599,0.237604,8883.4
483,R R R 5 (2),99.1091,0.245243,8883.3
667,R R R 5 (3),99.0572,0.252189,8883.2
722,R R R 5 (4),99.0067,0.258636,8883.1
735,R R R 4 (1),98.9559,0.264945,8882.4
910,R R R 4 (2),98.9047,0.27156,8882.3
1086,R R R 4 (3),98.8546,0.277561,8882.2
1146,R R R 4 (4),98.804,0.283216,8882.1
1154,R R R A (1),98.7526,0.204493,8881.4
8,R R R A (2),98.6335,0.213912,8881.3
179,R R R A (3),98.5146,0.222861,8881.2
239,R R R A (4),98.3959,0.231524,8881.1
187,R R C C (1),96.8703,0.525416,8877.4
358,R R C C (2),96.845,0.526667,8877.3
528,R R C C (3),96.8187,0.528819,8877.2
598,R R C C (4),96.7949,0.529771,8877.1
608,R R C S (1),96.6425,0.332068,8876.4
779,R R C S (2),96.4158,0.342232,8876.3
953,R R C S (3),96.1877,0.352985,8876.2
1016,R R C S (4),95.9607,0.363665,8876.1
1029,R R C 7 (1),95.7337,0.37295,8875.4
1198,R R C 7 (2),95.5055,0.382056,8875.3
50,R R C 7 (3),95.2778,0.3911,8875.2
108,R R C 7 (4),95.0523,0.400401,8875.1
119,R R C 6 (1),94.8252,0.408339,8874.4
289,R R C 6 (2),94.5988,0.416305,8874.3
467,R R C 6 (3),94.3723,0.424767,8874.2
525,R R C 6 (4),94.1464,0.434242,8874.1
533,R R C 5 (1),93.921,0.440375,8873.4
712,R R C 5 (2),93.6953,0.447535,8873.3
893,R R C 5 (3),93.4699,0.45593,8873.2
948,R R C 5 (4),93.2438,0.462225,8873.1
959,R R C 4 (1),93.0192,0.470535,8872.4
1134,R R C 4 (2),92.7936,0.477394,8872.3
1312,R R C 4 (3),92.5673,0.483381,8872.2
45,R R C 4 (4),92.3435,0.490484,8872.1
55,R R C A (1),92.1178,0.351923,8871.4
230,R R C A (2),91.5948,0.361202,8871.3
408,R R C A (3),91.0715,0.372254,8871.2
461,R R C A (4),90.5494,0.38121,8871.1
838,R R S S (1),88.6265,0.958231,8866.4
1008,R R S S (2),88.6054,0.95591,8866.3
1179,R R S S (3),88.5774,0.957659,8866.2
1244,R R S S (4),88.5532,0.959015,8866.1
1254,R R S 7 (1),88.4061,0.590652,8865.4
98,R R S 7 (2),88.1876,0.595288,8865.3
273,R R S 7 (3),87.9672,0.599978,8865.2
335,R R S 7 (4),87.7463,0.604758,8865.1
345,R R S 6 (1),87.5293,0.608224,8864.4
515,R R S 6 (2),87.3086,0.614179,8864.3
695,R R S 6 (3),87.0915,0.61962,8864.2
759,R R S 6 (4),86.8709,0.623302,8864.1
766,R R S 5 (1),86.654,0.627519,8863.4
938,R R S 5 (2),86.4336,0.631109,8863.3
1116,R R S 5 (3),86.2158,0.635725,8863.2
1175,R R S 5 (4),85.9971,0.640514,8863.1
1183,R R S 4 (1),85.7788,0.643882,8862.4
35,R R S 4 (2),85.5611,0.648422,8862.3
211,R R S 4 (3),85.3426,0.651763,8862.2
267,R R S 4 (4),85.1245,0.656027,8862.1
277,R R S A (1),84.9085,0.466682,8861.4
454,R R S A (2),84.4002,0.473788,8861.3
639,R R S A (3),83.8939,0.479476,8861.2
689,R R S A (4),83.3894,0.484893,8861.1
154,R R 7 7 (1),81.8103,1.16128,8855.4
324,R R 7 7 (2),81.7889,1.16158,8855.3
498,R R 7 7 (3),81.7642,1.16196,8855.2
560,R R 7 7 (4),81.7409,1.16481,8855.1
577,R R 7 6 (1),81.5972,0.714762,8854.4
751,R R 7 6 (2),81.3852,0.718733,8854.3
926,R R 7 6 (3),81.1733,0.720705,8854.2
986,R R 7 6 (4),80.9613,0.725337,8854.1
996,R R 7 5 (1),80.7459,0.727125,8853.4
1166,R R 7 5 (2),80.534,0.730999,8853.3
19,R R 7 5 (3),80.3221,0.732285,8853.2
77,R R 7 5 (4),80.1084,0.73523,8853.1
86,R R 7 4 (1),79.8961,0.739067,8852.4
258,R R 7 4 (2),79.6844,0.740437,8852.3
433,R R 7 4 (3),79.4726,0.74546,8852.2
492,R R 7 4 (4),79.2621,0.746438,8852.1
503,R R 7 A (1),79.0479,0.530635,8851.4
682,R R 7 A (2),78.5559,0.534856,8851.3
861,R R 7 A (3),78.0629,0.539878,8851.2
918,R R 7 A (4),77.5713,0.543743,8851.1
804,R R 6 6 (1),76.3144,1.28044,8844.4
983,R R 6 6 (2),76.2907,1.2837,8844.3
1149,R R 6 6 (3),76.2696,1.28244,8844.2
1206,R R 6 6 (4),76.245,1.28131,8844.1
1221,R R 6 5 (1),76.1105,0.784582,8843.4
68,R R 6 5 (2),75.8993,0.788013,8843.3
243,R R 6 5 (3),75.6915,0.791898,8843.2
297,R R 6 5 (4),75.4846,0.793392,8843.1
307,R R 6 4 (1),75.2775,0.794648,8842.4
480,R R 6 4 (2),75.0694,0.797418,8842.3
664,R R 6 4 (3),74.8606,0.799527,8842.2
719,R R 6 4 (4),74.6535,0.801467,8842.1
732,R R 6 A (1),74.4468,0.568115,8841.4
908,R R 6 A (2),73.9642,0.57201,8841.3
1083,R R 6 A (3),73.4822,0.575463,8841.2
1142,R R 6 A (4),73.0023,0.578015,8841.1
118,R R 5 5 (1),72.0482,1.35003,8833.4
287,R R 5 5 (2),72.0244,1.35331,8833.3
466,R R 5 5 (3),72.0004,1.35459,8833.2
523,R R 5 5 (4),71.9804,1.35452,8833.1
532,R R 5 4 (1),71.8415,0.829177,8832.4
709,R R 5 4 (2),71.6364,0.831724,8832.3
891,R R 5 4 (3),71.4328,0.832382,8832.2
945,R R 5 4 (4),71.2304,0.834339,8832.1
956,R R 5 A (1),71.0286,0.591029,8831.4
1132,R R 5 A (2),70.5522,0.594983,8831.3
1308,R R 5 A (3),70.0799,0.597326,8831.2
41,R R 5 A (4),69.6071,0.599269,8831.1
764,R R 4 4 (1),68.9334,1.39598,8822.4
936,R R 4 4 (2),68.9163,1.39618,8822.3
1114,R R 4 4 (3),68.8894,1.39536,8822.2
1173,R R 4 4 (4),68.867,1.39463,8822.1
1181,R R 4 A (1),68.732,0.60555,8821.4
32,R R 4 A (2),68.2637,0.60713,8821.3
208,R R 4 A (3),67.7964,0.60829,8821.2
264,R R 4 A (4),67.328,0.610222,8821.1
85,R R A A (1),66.9272,0.655472,8811.4
255,R R A A (2),66.5964,0.658249,8811.3
431,R R A A (3),66.2633,0.659218,8811.2
488,R R A A (4),65.9322,0.659508,8811.1
1119,R C C C (1),56.0866,3.43178,8777.4
1295,R C C C (2),56.0776,3.43466,8777.3
141,R C C C (3),56.0844,3.43121,8777.2
204,R C C C (4),56.0836,3.42827,8777.1
214,R C C S (1),56.0822,1.39912,8776.4
387,R C C S (2),56.0561,1.39943,8776.3
563,R C C S (3),56.0289,1.39885,8776.2
627,R C C S (4),56.0042,1.39863,8776.1
641,R C C 7 (1),55.979,1.39908,8775.4
818,R C C 7 (2),55.9557,1.40034,8775.3
988,R C C 7 (3),55.9287,1.40048,8775.2
1048,R C C 7 (4),55.9046,1.39799,8775.1
1060,R C C 6 (1),55.8802,1.40011,8774.4
1232,R C C 6 (2),55.8525,1.39884,8774.3
79,R C C 6 (3),55.8263,1.39782,8774.2
138,R C C 6 (4),55.8019,1.39984,8774.1
148,R C C 5 (1),55.7772,1.40078,8773.4
320,R C C 5 (2),55.7502,1.39765,8773.3
493,R C C 5 (3),55.7272,1.40023,8773.2
554,R C C 5 (4),55.703,1.40269,8773.1
571,R C C 4 (1),55.6764,1.40009,8772.4
745,R C C 4 (2),55.6535,1.39641,8772.3
921,R C C 4 (3),55.6258,1.40143,8772.2
982,R C C 4 (4),55.6016,1.39812,8772.1
993,R C C A (1),55.5752,0.989496,8771.4
1161,R C C A (2),55.5166,0.990702,8771.3
14,R C C A (3),55.4559,0.991228,8771.2
73,R C C A (4),55.3967,0.990431,8771.1
436,R C S S (1),54.0796,1.40431,8766.4
615,R C S S (2),54.0527,1.40509,8766.3
791,R C S S (3),54.03,1.40412,8766.2
854,R C S S (4),54.0033,1.40416,8766.1
864,R C S 7 (1),53.8525,0.8598,8765.4
1036,R C S 7 (2),53.6246,0.859106,8765.3
1208,R C S 7 (3),53.4024,0.860589,8765.2
1272,R C S 7 (4),53.1758,0.861124,8765.1
1283,R C S 6 (1),52.9487,0.86019,8764.4
127,R C S 6 (2),52.7279,0.859643,8764.3
300,R C S 6 (3),52.5027,0.862536,8764.2
360,R C S 6 (4),52.2778,0.85902,8764.1
373,R C S 5 (1),52.0555,0.862911,8763.4
543,R C S 5 (2),51.8341,0.86195,8763.3
721,R C S 5 (3),51.6126,0.86238,8763.2
783,R C S 5 (4),51.3885,0.863189,8763.1
798,R C S 4 (1),51.1663,0.860591,8762.4
970,R C S 4 (2),50.9448,0.862331,8762.3
1144,R C S 4 (3),50.7226,0.862365,8762.2
1201,R C S 4 (4),50.5044,0.860902,8762.1
1216,R C S A (1),50.2829,0.61001,8761.4
63,R C S A (2),49.7708,0.609025,8761.3
240,R C S A (3),49.2592,0.60883,8761.2
291,R C S A (4),48.7503,0.609457,8761.1
1087,R C 7 7 (1),47.1815,1.40751,8755.4
1261,R C 7 7 (2),47.1586,1.4086,8755.3
107,R C 7 7 (3),47.1337,1.40559,8755.2
170,R C 7 7 (4),47.1109,1.40542,8755.1
180,R C 7 6 (1),46.9734,0.860846,8754.4
352,R C 7 6 (2),46.7612,0.860361,8754.3
524,R C 7 6 (3),46.5524,0.859977,8754.2
593,R C 7 6 (4),46.3424,0.8608,8754.1
602,R C 7 5 (1),46.1329,0.858784,8753.4
774,R C 7 5 (2),45.9261,0.858767,8753.3
947,R C 7 5 (3),45.717,0.858974,8753.2
1012,R C 7 5 (4),45.5087,0.85785,8753.1
1022,R C 7 4 (1),45.301,0.859875,8752.4
1191,R C 7 4 (2),45.0948,0.858072,8752.3
42,R C 7 4 (3),44.8899,0.858234,8752.2
104,R C 7 4 (4),44.6825,0.857004,8752.1
114,R C 7 A (1),44.4757,0.605531,8751.4
284,R C 7 A (2),43.9969,0.604372,8751.3
460,R C 7 A (3),43.5185,0.603222,8751.2
518,R C 7 A (4),43.0423,0.601718,8751.1
409,R C 6 6 (1),41.8408,1.39015,8744.4
585,R C 6 6 (2),41.8181,1.39116,8744.3
758,R C 6 6 (3),41.7972,1.39206,8744.2
823,R C 6 6 (4),41.7726,1.39054,8744.1
833,R C 6 5 (1),41.6429,0.850987,8743.4
1004,R C 6 5 (2),41.4457,0.849951,8743.3
1174,R C 6 5 (3),41.249,0.847576,8743.2
1239,R C 6 5 (4),41.0516,0.846639,8743.1
1248,R C 6 4 (1),40.8554,0.847515,8742.4
94,R C 6 4 (2),40.6609,0.845703,8742.3
268,R C 6 4 (3),40.4638,0.846891,8742.2
329,R C 6 4 (4),40.2685,0.845179,8742.1
339,R C 6 A (1),40.0731,0.596864,8741.4
510,R C 6 A (2),39.6202,0.5958,8741.3
688,R C 6 A (3),39.1669,0.59471,8741.2
753,R C 6 A (4),38.718,0.593869,8741.1
1057,R C 5 5 (1),37.8318,1.36693,8733.4
1231,R C 5 5 (2),37.8098,1.36632,8733.3
75,R C 5 5 (3),37.7904,1.36363,8733.2
135,R C 5 5 (4),37.7667,1.36755,8733.1
146,R C 5 4 (1),37.6427,0.835471,8732.4
318,R C 5 4 (2),37.4544,0.835411,8732.3
490,R C 5 4 (3),37.2672,0.833701,8732.2
551,R C 5 4 (4),37.0816,0.832773,8732.1
568,R C 5 A (1),36.8937,0.58792,8731.4
743,R C 5 A (2),36.458,0.586223,8731.3
917,R C 5 A (3),36.0245,0.584805,8731.2
979,R C 5 A (4),35.5953,0.58334,8731.1
371,R C 4 4 (1),34.9867,1.34319,8722.4
541,R C 4 4 (2),34.967,1.3428,8722.3
720,R C 4 4 (3),34.9443,1.34338,8722.2
780,R C 4 4 (4),34.9265,1.34147,8722.1
794,R C 4 A (1),34.8032,0.580886,8721.4
967,R C 4 A (2),34.3823,0.578954,8721.3
1141,R C 4 A (3),33.9621,0.578536,8721.2
1197,R C 4 A (4),33.5417,0.576121,8721.1
1020,R C A A (1),33.1874,0.612715,8711.4
1190,R C A A (2),32.8905,0.612028,8711.3
40,R C A A (3),32.5946,0.611317,8711.2
99,R C A A (4),32.3016,0.609261,8711.1
47,R S S S (1),27.1013,3.07313,8666.4
219,R S S S (2),27.0944,3.07346,8666.3
396,R S S S (3),27.097,3.07231,8666.2
453,R S S S (4),27.1067,3.07638,8666.1
464,R S S 7 (1),27.1001,1.25317,8665.4
646,R S S 7 (2),27.0814,1.25442,8665.3
824,R S S 7 (3),27.0665,1.25123,8665.2
882,R S S 7 (4),27.0542,1.24911,8665.1
889,R S S 6 (1),27.0384,1.25249,8664.4
1068,R S S 6 (2),27.0203,1.24988,8664.3
1241,R S S 6 (3),27.0065,1.24988,8664.2
1298,R S S 6 (4),26.9893,1.25002,8664.1
1306,R S S 5 (1),26.9763,1.24934,8663.4
158,R S S 5 (2),26.9585,1.25107,8663.3
332,R S S 5 (3),26.9413,1.25077,8663.2
392,R S S 5 (4),26.93,1.25182,8663.1
403,R S S 4 (1),26.9144,1.25147,8662.4
582,R S S 4 (2),26.9022,1.25106,8662.3
756,R S S 4 (3),26.8839,1.24806,8662.2
821,R S S 4 (4),26.869,1.24776,8662.1
829,R S S A (1),26.8531,0.883818,8661.4
999,R S S A (2),26.8179,0.882854,8661.3
1170,R S S A (3),26.7815,0.88184,8661.2
1234,R S S A (4),26.7456,0.880501,8661.1
692,R S 7 7 (1),26.0683,1.23726,8655.4
871,R S 7 7 (2),26.053,1.2362,8655.3
1047,R S 7 7 (3),26.0397,1.23595,8655.2
1103,R S 7 7 (4),26.0219,1.23717,8655.1
1112,R S 7 6 (1),25.9298,0.755177,8654.4
1290,R S 7 6 (2),25.7947,0.75366,8654.3
137,R S 7 6 (3),25.6573,0.753386,8654.2
197,R S 7 6 (4),25.5222,0.75009,8654.1
207,R S 7 5 (1),25.3847,0.75085,8653.4
383,R S 7 5 (2),25.2481,0.750273,8653.3
553,R S 7 5 (3),25.1142,0.74865,8653.2
618,R S 7 5 (4),24.978,0.747213,8653.1
634,R S 7 4 (1),24.8425,0.746148,8652.4
809,R S 7 4 (2),24.7092,0.743351,8652.3
981,R S 7 4 (3),24.574,0.742452,8652.2
1041,R S 7 4 (4),24.4398,0.74004,8652.1
1055,R S 7 A (1),24.306,0.523097,8651.4
1226,R S 7 A (2),23.9951,0.520413,8651.3
72,R S 7 A (3),23.6858,0.518645,8651.2
129,R S 7 A (4),23.3793,0.516092,8651.1
15,R S 6 6 (1),22.6033,1.17745,8644.4
188,R S 6 6 (2),22.5905,1.17818,8644.3
359,R S 6 6 (3),22.5738,1.1791,8644.2
421,R S 6 6 (4),22.5607,1.17708,8644.1
429,R S 6 5 (1),22.4753,0.72048,8643.4
610,R S 6 5 (2),22.35,0.718656,8643.3
784,R S 6 5 (3),22.2224,0.717349,8643.2
846,R S 6 5 (4),22.0964,0.714905,8643.1
857,R S 6 4 (1),21.9688,0.715427,8642.4
1030,R S 6 4 (2),21.8433,0.711532,8642.3
1200,R S 6 4 (3),21.7187,0.71125,8642.2
1263,R S 6 4 (4),21.5925,0.708284,8642.1
1275,R S 6 A (1),21.4675,0.500909,8641.4
120,R S 6 A (2),21.1757,0.498277,8641.3
290,R S 6 A (3),20.8876,0.494867,8641.2
354,R S 6 A (4),20.6022,0.492695,8641.1
660,R S 5 5 (1),20.0345,1.12732,8633.4
839,R S 5 5 (2),20.0193,1.1275,8633.3
1009,R S 5 5 (3),20.0106,1.12687,8633.2
1072,R S 5 5 (4),19.9964,1.12805,8633.1
1080,R S 5 4 (1),19.9142,0.688017,8632.4
1256,R S 5 4 (2),19.7948,0.687639,8632.3
103,R S 5 4 (3),19.6772,0.684402,8632.2
164,R S 5 4 (4),19.5571,0.68538,8632.1
173,R S 5 A (1),19.4383,0.481678,8631.4
347,R S 5 A (2),19.1632,0.479893,8631.3
517,R S 5 A (3),18.8886,0.477399,8631.2
587,R S 5 A (4),18.6175,0.473916,8631.1
1304,R S 4 4 (1),18.2312,1.08811,8622.4
155,R S 4 4 (2),18.2202,1.08787,8622.3
328,R S 4 4 (3),18.2023,1.08732,8622.2
388,R S 4 4 (4),18.1944,1.08724,8622.1
400,R S 4 A (1),18.1172,0.469152,8621.4
579,R S 4 A (2),17.8508,0.467145,8621.3
752,R S 4 A (3),17.585,0.464274,8621.2
817,R S 4 A (4),17.3226,0.461619,8621.1
632,R S A A (1),17.0991,0.490238,8611.4
806,R S A A (2),16.9132,0.4888,8611.3
977,R S A A (3),16.7278,0.486365,8611.2
1037,R S A A (4),16.5438,0.484537,8611.1
294,R 7 7 7 (1),14.2154,2.41394,8555.4
469,R 7 7 7 (2),14.2168,2.41681,8555.3
654,R 7 7 7 (3),14.215,2.41517,8555.2
705,R 7 7 7 (4),14.218,2.41704,8555.1
715,R 7 7 6 (1),14.2197,0.984078,8554.4
895,R 7 7 6 (2),14.2108,0.983119,8554.3
1073,R 7 7 6 (3),14.1998,0.982768,8554.2
1128,R 7 7 6 (4),14.1896,0.985489,8554.1
1139,R 7 7 5 (1),14.1801,0.983863,8553.4
1317,R 7 7 5 (2),14.1699,0.981373,8553.3
166,R 7 7 5 (3),14.1579,0.982532,8553.2
222,R 7 7 5 (4),14.1496,0.982368,8553.1
234,R 7 7 4 (1),14.1388,0.981469,8552.4
412,R 7 7 4 (2),14.1312,0.980634,8552.3
592,R 7 7 4 (3),14.1207,0.980365,8552.2
649,R 7 7 4 (4),14.1093,0.980606,8552.1
658,R 7 7 A (1),14.0995,0.69309,8551.4
835,R 7 7 A (2),14.0749,0.693002,8551.3
1005,R 7 7 A (3),14.0519,0.690897,8551.2
1070,R 7 7 A (4),14.0307,0.69051,8551.1
942,R 7 6 6 (1),13.6679,0.966684,8544.4
1120,R 7 6 6 (2),13.6584,0.966288,8544.3
1297,R 7 6 6 (3),13.647,0.967947,8544.2
27,R 7 6 6 (4),13.6362,0.967252,8544.1
38,R 7 6 5 (1),13.5785,0.590552,8543.4
215,R 7 6 5 (2),13.4896,0.589094,8543.3
390,R 7 6 5 (3),13.399,0.587046,8543.2
445,R 7 6 5 (4),13.3129,0.585893,8543.1
458,R 7 6 4 (1),13.2238,0.585157,8542.4
643,R 7 6 4 (2),13.1327,0.582247,8542.3
819,R 7 6 4 (3),13.0458,0.580203,8542.2
877,R 7 6 4 (4),12.9582,0.579029,8542.1
885,R 7 6 A (1),12.8714,0.408397,8541.4
1061,R 7 6 A (2),12.6663,0.405693,8541.3
1233,R 7 6 A (3),12.4652,0.402987,8541.2
1292,R 7 6 A (4),12.2645,0.399451,8541.1
261,R 7 5 5 (1),11.8682,0.911018,8533.4
437,R 7 5 5 (2),11.8591,0.911096,8533.3
616,R 7 5 5 (3),11.8493,0.911638,8533.2
676,R 7 5 5 (4),11.8403,0.909726,8533.1
684,R 7 5 4 (1),11.7869,0.555556,8532.4
865,R 7 5 4 (2),11.7022,0.555252,8532.3
1040,R 7 5 4 (3),11.6216,0.552873,8532.2
1098,R 7 5 4 (4),11.5373,0.549929,8532.1
1107,R 7 5 A (1),11.4566,0.387986,8531.4
1284,R 7 5 A (2),11.2647,0.384429,8531.3
128,R 7 5 A (3),11.0744,0.382206,8531.2
191,R 7 5 A (4),10.8856,0.379279,8531.1
913,R 7 4 4 (1),10.6208,0.868509,8522.4
1089,R 7 4 4 (2),10.6111,0.868154,8522.3
1267,R 7 4 4 (3),10.6026,0.867012,8522.2
1319,R 7 4 4 (4),10.5933,0.867993,8522.1
9,R 7 4 A (1),10.5415,0.374076,8521.4
182,R 7 4 A (2),10.3575,0.371541,8521.3
353,R 7 4 A (3),10.175,0.368577,8521.2
417,R 7 4 A (4),9.9952,0.365417,8521.1
231,R 7 A A (1),9.84255,0.389153,8511.4
410,R 7 A A (2),9.71472,0.386002,8511.3
586,R 7 A A (3),9.58764,0.383688,8511.2
647,R 7 A A (4),9.46221,0.381123,8511.1
567,R 6 6 6 (1),8.40166,1.91996,8444.4
726,R 6 6 6 (2),8.40075,1.91992,8444.3
903,R 6 6 6 (3),8.40387,1.91755,8444.2
962,R 6 6 6 (4),8.40064,1.91657,8444.1
974,R 6 6 5 (1),8.40437,0.783501,8443.4
1147,R 6 6 5 (2),8.39498,0.781706,8443.3
1,R 6 6 5 (3),8.38904,0.781725,8443.2
56,R 6 6 5 (4),8.38072,0.780606,8443.1
67,R 6 6 4 (1),8.37433,0.779916,8442.4
242,R 6 6 4 (2),8.36608,0.7799,8442.3
418,R 6 6 4 (3),8.3601,0.781588,8442.2
472,R 6 6 4 (4),8.35323,0.778651,8442.1
481,R 6 6 A (1),8.34572,0.551405,8441.4
663,R 6 6 A (2),8.32942,0.550273,8441.3
842,R 6 6 A (3),8.31087,0.549797,8441.2
897,R 6 6 A (4),8.29557,0.548975,8441.1
1194,R 6 5 5 (1),8.09185,0.768072,8433.4
48,R 6 5 5 (2),8.08417,0.767882,8433.3
221,R 6 5 5 (3),8.07785,0.768222,8433.2
276,R 6 5 5 (4),8.06903,0.767254,8433.1
286,R 6 5 4 (1),8.02594,0.468972,8432.4
465,R 6 5 4 (2),7.96179,0.467599,8432.3
650,R 6 5 4 (3),7.89805,0.465229,8432.2
699,R 6 5 4 (4),7.83346,0.463456,8432.1
710,R 6 5 A (1),7.7688,0.326098,8431.4
890,R 6 5 A (2),7.62104,0.323381,8431.3
1069,R 6 5 A (3),7.47338,0.320742,8431.2
1122,R 6 5 A (4),7.32759,0.318275,8431.1
512,R 6 4 4 (1),7.11916,0.724836,8422.4
693,R 6 4 4 (2),7.11504,0.725064,8422.3
874,R 6 4 4 (3),7.1073,0.724691,8422.2
928,R 6 4 4 (4),7.10104,0.723558,8422.1
935,R 6 4 A (1),7.06111,0.312454,8421.4
1113,R 6 4 A (2),6.91953,0.309384,8421.3
1291,R 6 4 A (3),6.77916,0.306178,8421.2
24,R 6 4 A (4),6.64008,0.303699,8421.1
1163,R 6 A A (1),6.52141,0.321677,8411.4
17,R 6 A A (2),6.42387,0.319769,8411.3
190,R 6 A A (3),6.32685,0.317435,8411.2
246,R 6 A A (4),6.22892,0.314355,8411.1
814,R 5 5 5 (1),5.74793,1.60987,8333.4
985,R 5 5 5 (2),5.75287,1.60777,8333.3
1155,R 5 5 5 (3),5.74853,1.6085,8333.2
1217,R 5 5 5 (4),5.75126,1.60871,8333.1
1229,R 5 5 4 (1),5.74823,0.655968,8332.4
78,R 5 5 4 (2),5.74336,0.654105,8332.3
247,R 5 5 4 (3),5.73771,0.654697,8332.2
304,R 5 5 4 (4),5.73026,0.655336,8332.1
317,R 5 5 A (1),5.72486,0.462849,8331.4
489,R 5 5 A (2),5.71176,0.462957,8331.3
671,R 5 5 A (3),5.69875,0.461493,8331.2
729,R 5 5 A (4),5.68463,0.461766,8331.1
125,R 5 4 4 (1),5.56578,0.6461,8322.4
296,R 5 4 4 (2),5.5598,0.645448,8322.3
471,R 5 4 4 (3),5.554,0.645668,8322.2
531,R 5 4 4 (4),5.54881,0.645917,8322.1
542,R 5 4 A (1),5.5128,0.278225,8321.4
717,R 5 4 A (2),5.39,0.275534,8321.3
896,R 5 4 A (3),5.268,0.272706,8321.2
954,R 5 4 A (4),5.14769,0.269313,8321.1
772,R 5 A A (1),5.04551,0.285713,8311.4
944,R 5 A A (2),4.96033,0.282784,8311.3
1121,R 5 A A (3),4.87589,0.28058,8311.2
1178,R 5 A A (4),4.79264,0.278126,8311.1
1065,R 4 4 4 (1),4.59351,1.44614,8222.4
1238,R 4 4 4 (2),4.5933,1.44464,8222.3
83,R 4 4 4 (3),4.59753,1.44707,8222.2
144,R 4 4 4 (4),4.59486,1.44586,8222.1
157,R 4 4 A (1),4.59556,0.417554,8221.4
326,R 4 4 A (2),4.5831,0.416733,8221.3
500,R 4 4 A (3),4.57099,0.416157,8221.2
562,R 4 4 A (4),4.55744,0.415603,8221.1
379,R 4 A A (1),4.49199,0.269934,8211.4
549,R 4 A A (2),4.41232,0.267726,8211.3
728,R 4 A A (3),4.33155,0.265626,8211.2
788,R 4 A A (4),4.25215,0.262989,8211.1
1313,R A A A (1),4.19928,0.369656,8111.4
163,R A A A (2),4.18149,0.36965,8111.3
336,R A A A (3),4.16396,0.368929,8111.2
505,R A A A (4),4.14575,0.367096,8111.1
1168,C C C C (1),2.43206,6.65096,7777.4
18,C C C C (2),2.42678,6.66093,7777.3
193,C C C C (3),2.43192,6.66485,7777.2
363,C C C C (4),2.40671,6.61831,7777.1
257,C C C S (1),2.43039,1.51153,7776.4
432,C C C S (2),2.43053,1.50952,7776.3
612,C C C S (3),2.43095,1.50783,7776.2
785,C C C S (4),2.42971,1.50991,7776.1
681,C C C 7 (1),2.43155,1.5096,7775.4
860,C C C 7 (2),2.42862,1.50958,7775.3
1033,C C C 7 (3),2.43062,1.5093,7775.2
1203,C C C 7 (4),2.43147,1.50899,7775.1
1104,C C C 6 (1),2.42994,1.50942,7774.4
1280,C C C 6 (2),2.43019,1.5089,7774.3
124,C C C 6 (3),2.42828,1.50764,7774.2
295,C C C 6 (4),2.42821,1.50902,7774.1
198,C C C 5 (1),2.43327,1.50999,7773.4
369,C C C 5 (2),2.42962,1.5106,7773.3
539,C C C 5 (3),2.43412,1.51303,7773.2
716,C C C 5 (4),2.42706,1.50804,7773.1
619,C C C 4 (1),2.42926,1.51044,7772.4
793,C C C 4 (2),2.42937,1.50579,7772.3
971,C C C 4 (3),2.43197,1.50983,7772.2
1140,C C C 4 (4),2.42878,1.5097,7772.1
1043,C C C A (1),2.43081,1.06458,7771.4
1212,C C C A (2),2.43034,1.0636,7771.3
59,C C C A (3),2.4298,1.06495,7771.2
235,C C C A (4),2.42985,1.06553,7771.1
479,C C S S (1),2.43064,1.00489,7766.4
662,C C S S (2),2.42975,1.00527,7766.3
841,C C S S (3),2.42991,1.00446,7766.2
1013,C C S S (4),2.43146,1.00453,7766.1
907,C C S 7 (1),2.4289,0.614731,7765.4
1082,C C S 7 (2),2.42704,0.613268,7765.3
1258,C C S 7 (3),2.42692,0.613024,7765.2
105,C C S 7 (4),2.42455,0.613729,7765.1
5,C C S 6 (1),2.42429,0.612399,7764.4
176,C C S 6 (2),2.42584,0.613949,7764.3
349,C C S 6 (3),2.42185,0.612677,7764.2
521,C C S 6 (4),2.42337,0.612997,7764.1
422,C C S 5 (1),2.42084,0.612155,7763.4
599,C C S 5 (2),2.42156,0.612056,7763.3
771,C C S 5 (3),2.41913,0.611601,7763.2
943,C C S 5 (4),2.41777,0.612196,7763.1
848,C C S 4 (1),2.41689,0.61247,7762.4
1019,C C S 4 (2),2.41559,0.61283,7762.3
1189,C C S 4 (3),2.41391,0.611984,7762.2
39,C C S 4 (4),2.41326,0.61274,7762.1
1269,C C S A (1),2.41295,0.432612,7761.4
111,C C S A (2),2.40988,0.432666,7761.3
282,C C S A (3),2.40662,0.431356,7761.2
459,C C S A (4),2.40451,0.432681,7761.1
1131,C C 7 7 (1),2.39805,0.997771,7755.4
1307,C C 7 7 (2),2.39949,0.996555,7755.3
159,C C 7 7 (3),2.39779,0.996999,7755.2
331,C C 7 7 (4),2.39754,0.997546,7755.1
228,C C 7 6 (1),2.39551,0.609278,7754.4
404,C C 7 6 (2),2.39468,0.610304,7754.3
583,C C 7 6 (3),2.39385,0.608765,7754.2
757,C C 7 6 (4),2.39363,0.609589,7754.1
652,C C 7 5 (1),2.39223,0.609928,7753.4
830,C C 7 5 (2),2.39185,0.608347,7753.3
1000,C C 7 5 (3),2.39016,0.60995,7753.2
1171,C C 7 5 (4),2.38825,0.608775,7753.1
1075,C C 7 4 (1),2.38704,0.608893,7752.4
1245,C C 7 4 (2),2.38641,0.607375,7752.3
90,C C 7 4 (3),2.38553,0.609512,7752.2
262,C C 7 4 (4),2.38433,0.609105,7752.1
165,C C 7 A (1),2.38366,0.430204,7751.4
338,C C 7 A (2),2.38079,0.429634,7751.3
506,C C 7 A (3),2.37816,0.429016,7751.2
685,C C 7 A (4),2.37442,0.429097,7751.1
451,C C 6 6 (1),2.36947,0.991899,7744.4
635,C C 6 6 (2),2.36829,0.992737,7744.3
810,C C 6 6 (3),2.36806,0.991899,7744.2
984,C C 6 6 (4),2.36953,0.99136,7744.1
881,C C 6 5 (1),2.36722,0.605761,7743.4
1056,C C 6 5 (2),2.36673,0.606071,7743.3
1227,C C 6 5 (3),2.36714,0.606336,7743.2
74,C C 6 5 (4),2.36574,0.606369,7743.1
1296,C C 6 4 (1),2.36339,0.605675,7742.4
142,C C 6 4 (2),2.36088,0.604973,7742.3
313,C C 6 4 (3),2.36287,0.606177,7742.2
486,C C 6 4 (4),2.36227,0.60598,7742.1
389,C C 6 A (1),2.35861,0.427326,7741.4
564,C C 6 A (2),2.35704,0.427794,7741.3
738,C C 6 A (3),2.35599,0.427689,7741.2
914,C C 6 A (4),2.35158,0.426615,7741.1
1102,C C 5 5 (1),2.34711,0.985077,7733.4
1279,C C 5 5 (2),2.34772,0.985469,7733.3
122,C C 5 5 (3),2.34781,0.988445,7733.2
298,C C 5 5 (4),2.34675,0.985544,7733.1
196,C C 5 4 (1),2.34638,0.603036,7732.4
368,C C 5 4 (2),2.34481,0.602986,7732.3
537,C C 5 4 (3),2.34408,0.602593,7732.2
714,C C 5 4 (4),2.34263,0.602888,7732.1
620,C C 5 A (1),2.34172,0.426001,7731.4
789,C C 5 A (2),2.33985,0.425922,7731.3
968,C C 5 A (3),2.33705,0.425524,7731.2
1137,C C 5 A (4),2.33373,0.425916,7731.1
420,C C 4 4 (1),2.33155,0.983979,7722.4
597,C C 4 4 (2),2.33064,0.982673,7722.3
769,C C 4 4 (3),2.32719,0.983256,7722.2
941,C C 4 4 (4),2.33177,0.983819,7722.1
845,C C 4 A (1),2.33058,0.424935,7721.4
1017,C C 4 A (2),2.32658,0.424276,7721.3
1186,C C 4 A (3),2.32459,0.424971,7721.2
37,C C 4 A (4),2.32177,0.424389,7721.1
1071,C C A A (1),2.31908,0.453504,7711.4
1243,C C A A (2),2.31953,0.454101,7711.3
88,C C A A (3),2.31777,0.452856,7711.2
260,C C A A (4),2.31495,0.452944,7711.1
93,C S S S (1),2.1001,1.40541,7666.4
265,C S S S (2),2.09944,1.40669,7666.3
439,C S S S (3),2.10088,1.40791,7666.2
621,C S S S (4),2.10328,1.40756,7666.1
509,C S S 7 (1),2.10179,0.572236,7665.4
687,C S S 7 (2),2.10027,0.571774,7665.3
868,C S S 7 (3),2.0976,0.572417,7665.2
1042,C S S 7 (4),2.09834,0.571078,7665.1
933,C S S 6 (1),2.09713,0.571526,7664.4
1110,C S S 6 (2),2.09522,0.570746,7664.3
1286,C S S 6 (3),2.09594,0.571358,7664.2
132,C S S 6 (4),2.09461,0.571119,7664.1
29,C S S 5 (1),2.09357,0.570881,7663.4
205,C S S 5 (2),2.09233,0.571004,7663.3
378,C S S 5 (3),2.09079,0.570455,7663.2
548,C S S 5 (4),2.08937,0.570843,7663.1
448,C S S 4 (1),2.08882,0.569141,7662.4
631,C S S 4 (2),2.08796,0.569948,7662.3
811,C S S 4 (3),2.08657,0.570433,7662.2
976,C S S 4 (4),2.08533,0.569443,7662.1
875,C S S A (1),2.0862,0.402313,7661.4
1051,C S S A (2),2.08257,0.402445,7661.3
1222,C S S A (3),2.07923,0.401886,7661.2
69,C S S A (4),2.07756,0.40132,7661.1
742,C S 7 7 (1),2.03173,0.562442,7655.4
916,C S 7 7 (2),2.03094,0.561739,7655.3
1092,C S 7 7 (3),2.03204,0.562831,7655.2
1266,C S 7 7 (4),2.03042,0.562899,7655.1
1159,C S 7 6 (1),2.02409,0.34344,7654.4
12,C S 7 6 (2),2.01415,0.343,7654.3
185,C S 7 6 (3),2.00522,0.342086,7654.2
356,C S 7 6 (4),1.9968,0.34154,7654.1
252,C S 7 5 (1),1.98793,0.340503,7653.4
427,C S 7 5 (2),1.97781,0.33962,7653.3
606,C S 7 5 (3),1.96948,0.338864,7653.2
777,C S 7 5 (4),1.96073,0.338454,7653.1
677,C S 7 4 (1),1.9507,0.337386,7652.4
855,C S 7 4 (2),1.94269,0.337192,7652.3
1028,C S 7 4 (3),1.9328,0.335916,7652.2
1196,C S 7 4 (4),1.92339,0.33475,7652.1
1099,C S 7 A (1),1.91526,0.236328,7651.4
1274,C S 7 A (2),1.89394,0.235398,7651.3
117,C S 7 A (3),1.87335,0.233815,7651.2
288,C S 7 A (4),1.85343,0.232763,7651.1
60,C S 6 6 (1),1.79943,0.529104,7644.4
236,C S 6 6 (2),1.79764,0.53063,7644.3
413,C S 6 6 (3),1.79857,0.530122,7644.2
590,C S 6 6 (4),1.79827,0.529663,7644.1
475,C S 6 5 (1),1.79212,0.323361,7643.4
659,C S 6 5 (2),1.78306,0.322604,7643.3
837,C S 6 5 (3),1.77413,0.322306,7643.2
1006,C S 6 5 (4),1.76584,0.321616,7643.1
901,C S 6 4 (1),1.75751,0.320528,7642.4
1078,C S 6 4 (2),1.74881,0.320214,7642.3
1251,C S 6 4 (3),1.74034,0.319272,7642.2
96,C S 6 4 (4),1.73151,0.3186,7642.1
2,C S 6 A (1),1.72352,0.224421,7641.4
171,C S 6 A (2),1.70339,0.223226,7641.3
342,C S 6 A (3),1.68314,0.221454,7641.2
513,C S 6 A (4),1.66386,0.220492,7641.1
703,C S 5 5 (1),1.62517,0.503943,7633.4
886,C S 5 5 (2),1.62337,0.502968,7633.3
1062,C S 5 5 (3),1.62369,0.5039,7633.2
1236,C S 5 5 (4),1.62321,0.502933,7633.1
1126,C S 5 4 (1),1.61638,0.308229,7632.4
1303,C S 5 4 (2),1.60945,0.306941,7632.3
151,C S 5 4 (3),1.59977,0.306139,7632.2
322,C S 5 4 (4),1.592,0.305464,7632.1
220,C S 5 A (1),1.58431,0.215368,7631.4
397,C S 5 A (2),1.56505,0.213977,7631.3
574,C S 5 A (3),1.54591,0.213095,7631.2
749,C S 5 A (4),1.52699,0.211052,7631.1
26,C S 4 4 (1),1.50091,0.484743,7622.4
202,C S 4 4 (2),1.50011,0.484147,7622.3
376,C S 4 4 (3),1.49898,0.484446,7622.2
545,C S 4 4 (4),1.49851,0.4841,7622.1
444,C S 4 A (1),1.49242,0.209207,7621.4
628,C S 4 A (2),1.47355,0.207928,7621.3
801,C S 4 A (3),1.45578,0.205923,7621.2
973,C S 4 A (4),1.43746,0.205497,7621.1
674,C S A A (1),1.42096,0.218459,7611.4
853,C S A A (2),1.40895,0.217609,7611.3
1025,C S A A (3),1.39512,0.216353,7611.2
1193,C S A A (4),1.38233,0.215371,7611.1
346,C 7 7 7 (1),1.21398,1.0727,7555.4
516,C 7 7 7 (2),1.21491,1.07518,7555.3
697,C 7 7 7 (3),1.21267,1.0729,7555.2
880,C 7 7 7 (4),1.21408,1.07358,7555.1
767,C 7 7 6 (1),1.21486,0.436065,7554.4
939,C 7 7 6 (2),1.2138,0.436873,7554.3
1115,C 7 7 6 (3),1.21353,0.436571,7554.2
1293,C 7 7 6 (4),1.21231,0.435791,7554.1
1185,C 7 7 5 (1),1.21258,0.436219,7553.4
36,C 7 7 5 (2),1.20979,0.435042,7553.3
212,C 7 7 5 (3),1.20933,0.435784,7553.2
386,C 7 7 5 (4),1.20953,0.435726,7553.1
278,C 7 7 4 (1),1.20878,0.435256,7552.4
456,C 7 7 4 (2),1.20866,0.435965,7552.3
638,C 7 7 4 (3),1.20764,0.435847,7552.2
815,C 7 7 4 (4),1.20738,0.435161,7552.1
702,C 7 7 A (1),1.20645,0.307321,7551.4
883,C 7 7 A (2),1.20374,0.307169,7551.3
1058,C 7 7 A (3),1.20237,0.306998,7551.2
1230,C 7 7 A (4),1.20067,0.307177,7551.1
997,C 7 6 6 (1),1.17424,0.429092,7544.4
1167,C 7 6 6 (2),1.1735,0.429053,7544.3
20,C 7 6 6 (3),1.17118,0.42871,7544.2
194,C 7 6 6 (4),1.17142,0.427837,7544.1
87,C 7 6 5 (1),1.16667,0.261558,7543.4
259,C 7 6 5 (2),1.16046,0.26122,7543.3
435,C 7 6 5 (3),1.15415,0.260662,7543.2
614,C 7 6 5 (4),1.147,0.259202,7543.1
504,C 7 6 4 (1),1.14081,0.258867,7542.4
683,C 7 6 4 (2),1.13428,0.258444,7542.3
863,C 7 6 4 (3),1.12828,0.258025,7542.2
1035,C 7 6 4 (4),1.1212,0.257492,7542.1
929,C 7 6 A (1),1.11416,0.181255,7541.4
1105,C 7 6 A (2),1.09944,0.179655,7541.3
1281,C 7 6 A (3),1.08397,0.178668,7541.2
126,C 7 6 A (4),1.06965,0.17797,7541.1
308,C 7 5 5 (1),1.03943,0.403929,7533.4
482,C 7 5 5 (2),1.03978,0.403994,7533.3
666,C 7 5 5 (3),1.03852,0.403853,7533.2
843,C 7 5 5 (4),1.0371,0.404533,7533.1
733,C 7 5 4 (1),1.03257,0.24693,7532.4
909,C 7 5 4 (2),1.02695,0.246347,7532.3
1084,C 7 5 4 (3),1.02088,0.245384,7532.2
1260,C 7 5 4 (4),1.01443,0.24413,7532.1
1152,C 7 5 A (1),1.00778,0.172328,7531.4
6,C 7 5 A (2),0.993709,0.171235,7531.3
177,C 7 5 A (3),0.979203,0.169762,7531.2
350,C 7 5 A (4),0.964781,0.168585,7531.1
957,C 7 4 4 (1),0.944407,0.385829,7522.4
1133,C 7 4 4 (2),0.943052,0.384745,7522.3
1311,C 7 4 4 (3),0.94303,0.385858,7522.2
160,C 7 4 4 (4),0.942888,0.385842,7522.1
53,C 7 4 A (1),0.938427,0.166251,7521.4
229,C 7 4 A (2),0.92463,0.164871,7521.3
406,C 7 4 A (3),0.910582,0.163982,7521.2
584,C 7 4 A (4),0.896596,0.162725,7521.1
275,C 7 A A (1),0.884894,0.173048,7511.4
452,C 7 A A (2),0.874779,0.171758,7511.3
636,C 7 A A (3),0.865487,0.170732,7511.2
813,C 7 A A (4),0.855378,0.169912,7511.1
603,C 6 6 6 (1),0.771076,0.857493,7444.4
775,C 6 6 6 (2),0.771327,0.857745,7444.3
951,C 6 6 6 (3),0.771943,0.858528,7444.2
1124,C 6 6 6 (4),0.771362,0.857738,7444.1
1023,C 6 6 5 (1),0.772254,0.348284,7443.4
1192,C 6 6 5 (2),0.771447,0.348924,7443.3
43,C 6 6 5 (3),0.770558,0.348771,7443.2
218,C 6 6 5 (4),0.770498,0.348599,7443.1
116,C 6 6 4 (1),0.768334,0.34838,7442.4
285,C 6 6 4 (2),0.769298,0.347994,7442.3
462,C 6 6 4 (3),0.767893,0.348194,7442.2
645,C 6 6 4 (4),0.767597,0.348786,7442.1
529,C 6 6 A (1),0.766765,0.2457,7441.4
706,C 6 6 A (2),0.765972,0.245329,7441.3
887,C 6 6 A (3),0.764805,0.245359,7441.2
1066,C 6 6 A (4),0.76309,0.244928,7441.1
1249,C 6 5 5 (1),0.746494,0.342804,7433.4
95,C 6 5 5 (2),0.746189,0.343044,7433.3
269,C 6 5 5 (3),0.745043,0.3428,7433.2
442,C 6 5 5 (4),0.745131,0.342382,7433.1
340,C 6 5 4 (1),0.74143,0.209312,7432.4
511,C 6 5 4 (2),0.735883,0.208492,7432.3
691,C 6 5 4 (3),0.730909,0.207751,7432.2
869,C 6 5 4 (4),0.725382,0.207461,7432.1
763,C 6 5 A (1),0.720624,0.145536,7431.4
934,C 6 5 A (2),0.708411,0.144786,7431.3
1111,C 6 5 A (3),0.696607,0.14328,7431.2
1288,C 6 5 A (4),0.684685,0.142245,7431.1
570,C 6 4 4 (1),0.668254,0.324899,7422.4
744,C 6 4 4 (2),0.666177,0.324184,7422.3
920,C 6 4 4 (3),0.667528,0.324656,7422.2
1095,C 6 4 4 (4),0.667364,0.324393,7422.1
991,C 6 4 A (1),0.66275,0.140051,7421.4
1160,C 6 4 A (2),0.651168,0.138836,7421.3
13,C 6 4 A (3),0.639752,0.13778,7421.2
186,C 6 4 A (4),0.62814,0.136388,7421.1
1214,C 6 A A (1),0.618825,0.144681,7411.4
61,C 6 A A (2),0.610733,0.143713,7411.3
237,C 6 A A (3),0.602396,0.142588,7411.2
415,C 6 A A (4),0.594262,0.141592,7411.1
858,C 5 5 5 (1),0.553397,0.727525,7333.4
1031,C 5 5 5 (2),0.554308,0.726207,7333.3
1204,C 5 5 5 (3),0.554013,0.727544,7333.2
52,C 5 5 5 (4),0.552747,0.726394,7333.1
1277,C 5 5 4 (1),0.553537,0.295835,7332.4
121,C 5 5 4 (2),0.553462,0.295618,7332.3
293,C 5 5 4 (3),0.553301,0.295414,7332.2
468,C 5 5 4 (4),0.552177,0.295297,7332.1
366,C 5 5 A (1),0.551978,0.2091,7331.4
536,C 5 5 A (2),0.550869,0.208609,7331.3
713,C 5 5 A (3),0.549674,0.208402,7331.2
894,C 5 5 A (4),0.54823,0.208461,7331.1
175,C 5 4 4 (1),0.538135,0.291593,7322.4
348,C 5 4 4 (2),0.537556,0.291834,7322.3
520,C 5 4 4 (3),0.537549,0.291522,7322.2
698,C 5 4 4 (4),0.535812,0.29067,7322.1
596,C 5 4 A (1),0.53366,0.125799,7321.4
768,C 5 4 A (2),0.523197,0.124368,7321.3
940,C 5 4 A (3),0.512738,0.123199,7321.2
1118,C 5 4 A (4),0.502853,0.122083,7321.1
827,C 5 A A (1),0.493803,0.129324,7311.4
998,C 5 A A (2),0.486388,0.128311,7311.3
1169,C 5 A A (3),0.479246,0.127382,7311.2
22,C 5 A A (4),0.471937,0.126351,7311.1
1109,C 4 4 4 (1),0.455502,0.65996,7222.4
1285,C 4 4 4 (2),0.454529,0.659987,7222.3
131,C 4 4 4 (3),0.455417,0.659759,7222.2
302,C 4 4 4 (4),0.454932,0.660392,7222.1
203,C 4 4 A (1),0.454655,0.189547,7221.4
374,C 4 4 A (2),0.453776,0.189385,7221.3
546,C 4 4 A (3),0.452799,0.189376,7221.2
724,C 4 4 A (4),0.451724,0.189245,7221.1
426,C 4 A A (1),0.445825,0.122892,7211.4
605,C 4 A A (2),0.438945,0.122131,7211.3
776,C 4 A A (3),0.432076,0.12089,7211.2
949,C 4 A A (4),0.424855,0.119842,7211.1
33,C A A A (1),0.420281,0.168918,7111.4
209,C A A A (2),0.418427,0.16839,7111.3
384,C A A A (3),0.416991,0.168133,7111.2
556,C A A A (4),0.415184,0.167977,7111.1
145,S S S S (1),0.216777,2.02031,6666.4
312,S S S S (2),0.218261,2.02869,6666.3
485,S S S S (3),0.217477,2.01169,6666.2
669,S S S S (4),0.220095,2.0292,6666.1
566,S S S 7 (1),0.21605,0.45474,6665.4
737,S S S 7 (2),0.216846,0.455805,6665.3
912,S S S 7 (3),0.21552,0.455237,6665.2
1088,S S S 7 (4),0.215794,0.454981,6665.1
989,S S S 6 (1),0.216448,0.456048,6664.4
1157,S S S 6 (2),0.216096,0.456614,6664.3
10,S S S 6 (3),0.215317,0.454555,6664.2
183,S S S 6 (4),0.216024,0.455135,6664.1
80,S S S 5 (1),0.216997,0.456431,6663.4
250,S S S 5 (2),0.21655,0.455946,6663.3
425,S S S 5 (3),0.216457,0.456063,6663.2
604,S S S 5 (4),0.215649,0.455336,6663.1
497,S S S 4 (1),0.216591,0.455946,6662.4
673,S S S 4 (2),0.215878,0.455327,6662.3
852,S S S 4 (3),0.217333,0.456676,6662.2
1024,S S S 4 (4),0.215352,0.454434,6662.1
923,S S S A (1),0.216337,0.321407,6661.4
1096,S S S A (2),0.216348,0.321376,6661.3
1271,S S S A (3),0.216437,0.321591,6661.2
115,S S S A (4),0.216658,0.322363,6661.1
800,S S 7 7 (1),0.216194,0.30304,6655.4
961,S S 7 7 (2),0.216457,0.302837,6655.3
1136,S S 7 7 (3),0.21617,0.302747,6655.2
1314,S S 7 7 (4),0.215993,0.30274,6655.1
1211,S S 7 6 (1),0.215954,0.185098,6654.4
57,S S 7 6 (2),0.215606,0.185248,6654.3
232,S S 7 6 (3),0.215158,0.184744,6654.2
411,S S 7 6 (4),0.215395,0.184641,6654.1
299,S S 7 5 (1),0.215199,0.184621,6653.4
473,S S 7 5 (2),0.214633,0.184478,6653.3
656,S S 7 5 (3),0.214688,0.184519,6653.2
834,S S 7 5 (4),0.214686,0.18441,6653.1
723,S S 7 4 (1),0.214604,0.184412,6652.4
899,S S 7 4 (2),0.214309,0.184449,6652.3
1077,S S 7 4 (3),0.214063,0.184249,6652.2
1250,S S 7 4 (4),0.213441,0.184099,6652.1
1145,S S 7 A (1),0.213973,0.130221,6651.4
1318,S S 7 A (2),0.213488,0.130175,6651.3
169,S S 7 A (3),0.213222,0.129902,6651.2
341,S S 7 A (4),0.212287,0.129958,6651.1
110,S S 6 6 (1),0.211297,0.299457,6644.4
280,S S 6 6 (2),0.211005,0.298797,6644.3
455,S S 6 6 (3),0.211726,0.299803,6644.2
642,S S 6 6 (4),0.210815,0.298854,6644.1
526,S S 6 5 (1),0.210985,0.182823,6643.4
701,S S 6 5 (2),0.21038,0.182643,6643.3
884,S S 6 5 (3),0.210664,0.183087,6643.2
1059,S S 6 5 (4),0.210475,0.18295,6643.1
946,S S 6 4 (1),0.210088,0.182639,6642.4
1123,S S 6 4 (2),0.210436,0.182832,6642.3
1300,S S 6 4 (3),0.210382,0.182266,6642.2
147,S S 6 4 (4),0.209726,0.182498,6642.1
44,S S 6 A (1),0.20939,0.128932,6641.4
216,S S 6 A (2),0.209473,0.128906,6641.3
393,S S 6 A (3),0.208688,0.128519,6641.2
569,S S 6 A (4),0.208342,0.128673,6641.1
760,S S 5 5 (1),0.207004,0.296219,6633.4
930,S S 5 5 (2),0.207244,0.296279,6633.3
1106,S S 5 5 (3),0.207205,0.296425,6633.2
1282,S S 5 5 (4),0.207295,0.296452,6633.1
1176,S S 5 4 (1),0.207623,0.18162,6632.4
25,S S 5 4 (2),0.206908,0.181189,6632.3
201,S S 5 4 (3),0.206583,0.181085,6632.2
372,S S 5 4 (4),0.207123,0.181177,6632.1
266,S S 5 A (1),0.206608,0.127891,6631.4
441,S S 5 A (2),0.205991,0.127786,6631.3
622,S S 5 A (3),0.205486,0.127486,6631.2
796,S S 5 A (4),0.205148,0.12758,6631.1
76,S S 4 4 (1),0.204663,0.294881,6622.4
248,S S 4 4 (2),0.204762,0.294521,6622.3
424,S S 4 4 (3),0.204301,0.29405,6622.2
601,S S 4 4 (4),0.204723,0.294729,6622.1
491,S S 4 A (1),0.204583,0.127188,6621.4
672,S S 4 A (2),0.204016,0.127036,6621.3
850,S S 4 A (3),0.20394,0.127092,6621.2
1021,S S 4 A (4),0.203231,0.126882,6621.1
718,S S A A (1),0.203016,0.135646,6611.4
898,S S A A (2),0.20236,0.135438,6611.3
1076,S S A A (3),0.202269,0.135275,6611.2
1247,S S A A (4),0.201771,0.135205,6611.1
399,S 7 7 7 (1),0.177154,0.412511,6555.4
580,S 7 7 7 (2),0.175897,0.411207,6555.3
747,S 7 7 7 (3),0.176332,0.411119,6555.2
925,S 7 7 7 (4),0.176667,0.412027,6555.1
825,S 7 7 6 (1),0.176328,0.167308,6554.4
994,S 7 7 6 (2),0.175951,0.167107,6554.3
1162,S 7 7 6 (3),0.175843,0.166939,6554.2
16,S 7 7 6 (4),0.175855,0.16709,6554.1
1242,S 7 7 5 (1),0.175468,0.16688,6553.4
84,S 7 7 5 (2),0.175302,0.16683,6553.3
254,S 7 7 5 (3),0.175525,0.166928,6553.2
430,S 7 7 5 (4),0.174999,0.166527,6553.1
330,S 7 7 4 (1),0.175041,0.166653,6552.4
501,S 7 7 4 (2),0.174825,0.166636,6552.3
680,S 7 7 4 (3),0.174202,0.166237,6552.2
859,S 7 7 4 (4),0.174421,0.166543,6552.1
755,S 7 7 A (1),0.174314,0.117651,6551.4
927,S 7 7 A (2),0.173934,0.117478,6551.3
1101,S 7 7 A (3),0.173393,0.117309,6551.2
1278,S 7 7 A (4),0.173092,0.117315,6551.1
1050,S 7 6 6 (1),0.167188,0.163089,6544.4
1218,S 7 6 6 (2),0.166864,0.162645,6544.3
65,S 7 6 6 (3),0.166854,0.162836,6544.2
241,S 7 6 6 (4),0.166183,0.162573,6544.1
136,S 7 6 5 (1),0.16537,0.099118,6543.4
306,S 7 6 5 (2),0.163815,0.0987269,6543.3
477,S 7 6 5 (3),0.162511,0.0982392,6543.2
661,S 7 6 5 (4),0.160656,0.0978069,6543.1
555,S 7 6 4 (1),0.159398,0.0973141,6542.4
731,S 7 6 4 (2),0.157707,0.0967227,6542.3
906,S 7 6 4 (3),0.156507,0.0965181,6542.2
1081,S 7 6 4 (4),0.154946,0.0959697,6542.1
980,S 7 6 A (1),0.153484,0.0674985,6541.4
1151,S 7 6 A (2),0.149915,0.0667499,6541.3
4,S 7 6 A (3),0.146609,0.0659786,6541.2
174,S 7 6 A (4),0.143182,0.0651965,6541.1
361,S 7 5 5 (1),0.136483,0.147242,6533.4
530,S 7 5 5 (2),0.136495,0.147136,6533.3
707,S 7 5 5 (3),0.136292,0.146957,6533.2
888,S 7 5 5 (4),0.136193,0.14712,6533.1
781,S 7 5 4 (1),0.135324,0.0896447,6532.4
955,S 7 5 4 (2),0.133819,0.0893324,6532.3
1129,S 7 5 4 (3),0.132561,0.0886762,6532.2
1305,S 7 5 4 (4),0.131082,0.0880965,6532.1
1199,S 7 5 A (1),0.129888,0.0621309,6531.4
51,S 7 5 A (2),0.126607,0.0613888,6531.3
225,S 7 5 A (3),0.123448,0.0605505,6531.2
401,S 7 5 A (4),0.120367,0.0598156,6531.1
1010,S 7 4 4 (1),0.116169,0.135933,6522.4
1180,S 7 4 4 (2),0.116271,0.135864,6522.3
31,S 7 4 4 (3),0.115794,0.135523,6522.2
206,S 7 4 4 (4),0.11565,0.135324,6522.1
101,S 7 4 A (1),0.114694,0.0583918,6521.4
274,S 7 4 A (2),0.111867,0.0577202,6521.3
450,S 7 4 A (3),0.1089,0.0568985,6521.2
633,S 7 4 A (4),0.106116,0.0561362,6521.1
327,S 7 A A (1),0.103461,0.0593812,6511.4
499,S 7 A A (2),0.101525,0.0587592,6511.3
678,S 7 A A (3),0.0993333,0.0582021,6511.2
856,S 7 A A (4),0.0975683,0.0575277,6511.1
653,S 6 6 6 (1),0.0815417,0.279863,6444.4
831,S 6 6 6 (2),0.0810014,0.279214,6444.3
1001,S 6 6 6 (3),0.0814007,0.279577,6444.2
1172,S 6 6 6 (4),0.0818675,0.280399,6444.1
1074,S 6 6 5 (1),0.0812254,0.113559,6443.4
1246,S 6 6 5 (2),0.0809496,0.113603,6443.3
91,S 6 6 5 (3),0.0811713,0.113601,6443.2
263,S 6 6 5 (4),0.0808011,0.113215,6443.1
168,S 6 6 4 (1),0.0808445,0.113345,6442.4
337,S 6 6 4 (2),0.0807083,0.113225,6442.3
508,S 6 6 4 (3),0.0807396,0.113208,6442.2
686,S 6 6 4 (4),0.0806544,0.113313,6442.1
589,S 6 6 A (1),0.0804129,0.0798111,6441.4
761,S 6 6 A (2),0.080175,0.0796101,6441.3
931,S 6 6 A (3),0.0800549,0.0796183,6441.2
1108,S 6 6 A (4),0.0798371,0.0796472,6441.1
1299,S 6 5 5 (1),0.0767821,0.110462,6433.4
143,S 6 5 5 (2),0.0765012,0.110212,6433.3
316,S 6 5 5 (3),0.0764689,0.110079,6433.2
487,S 6 5 5 (4),0.0762769,0.110037,6433.1
391,S 6 5 4 (1),0.0757496,0.0671225,6432.4
565,S 6 5 4 (2),0.074789,0.0667591,6432.3
739,S 6 5 4 (3),0.0738479,0.0662434,6432.2
915,S 6 5 4 (4),0.0729276,0.0658479,6432.1
820,S 6 5 A (1),0.0720014,0.0462828,6431.4
990,S 6 5 A (2),0.069774,0.0454795,6431.3
1158,S 6 5 A (3),0.0675847,0.0448048,6431.2
11,S 6 5 A (4),0.0655707,0.0441598,6431.1
617,S 6 4 4 (1),0.0626998,0.0998669,6422.4
790,S 6 4 4 (2),0.0623326,0.0996125,6422.3
964,S 6 4 4 (3),0.062536,0.0996811,6422.2
1138,S 6 4 4 (4),0.0621676,0.0992835,6422.1
1038,S 6 4 A (1),0.0618,0.0429412,6421.4
1210,S 6 4 A (2),0.0596883,0.0421682,6421.3
58,S 6 4 A (3),0.05766,0.0413721,6421.2
233,S 6 4 A (4),0.0557509,0.0407218,6421.1
1262,S 6 A A (1),0.054067,0.0428527,6411.4
109,S 6 A A (2),0.0528333,0.0423976,6411.3
281,S 6 A A (3),0.0513775,0.0417689,6411.2
457,S 6 A A (4),0.0501302,0.0413192,6411.1
902,S 5 5 5 (1),0.0435653,0.204511,6333.4
1079,S 5 5 5 (2),0.0441556,0.206037,6333.3
1252,S 5 5 5 (3),0.0435824,0.204707,6333.2
100,S 5 5 5 (4),0.0434756,0.204498,6333.1
0,S 5 5 4 (1),0.0435703,0.0832618,6332.4
172,S 5 5 4 (2),0.0435271,0.0831391,6332.3
343,S 5 5 4 (3),0.0434939,0.083053,6332.2
514,S 5 5 4 (4),0.0433499,0.082934,6332.1
419,S 5 5 A (1),0.0433561,0.058602,6331.4
595,S 5 5 A (2),0.0431525,0.0584873,6331.3
765,S 5 5 A (3),0.0430134,0.0583881,6331.2
937,S 5 5 A (4),0.0427785,0.0583156,6331.1
223,S 5 4 4 (1),0.0413647,0.0810564,6322.4
398,S 5 4 4 (2),0.0411678,0.0807195,6322.3
578,S 5 4 4 (3),0.0409631,0.0807722,6322.2
750,S 5 4 4 (4),0.0409203,0.0807064,6322.1
648,S 5 4 A (1),0.0405598,0.0347603,6321.4
826,S 5 4 A (2),0.038912,0.0340074,6321.3
995,S 5 4 A (3),0.0373641,0.0333411,6321.2
1164,S 5 4 A (4),0.0358674,0.0326533,6321.1
873,S 5 A A (1),0.0345674,0.0343081,6311.4
1049,S 5 A A (2),0.03351,0.0337465,6311.3
1220,S 5 A A (3),0.0323637,0.0331694,6311.2
66,S 5 A A (4),0.0313553,0.032654,6311.1
1156,S 4 4 4 (1),0.0288317,0.166624,6222.4
7,S 4 4 4 (2),0.0286047,0.165928,6222.3
181,S 4 4 4 (3),0.0291524,0.167577,6222.2
351,S 4 4 4 (4),0.0284847,0.1654,6222.1
249,S 4 4 A (1),0.0288813,0.0478351,6221.4
423,S 4 4 A (2),0.0287462,0.0477508,6221.3
600,S 4 4 A (3),0.0286239,0.0476639,6221.2
773,S 4 4 A (4),0.028488,0.0475644,6221.1
470,S 4 A A (1),0.0276974,0.0306858,6211.4
655,S 4 A A (2),0.0267266,0.030136,6211.3
832,S 4 A A (3),0.0257233,0.0296017,6211.2
1003,S 4 A A (4),0.0247864,0.0290728,6211.1
82,S A A A (1),0.0241379,0.0405768,6111.4
253,S A A A (2),0.0238791,0.0403257,6111.3
428,S A A A (3),0.0236563,0.040088,6111.2
609,S A A A (4),0.0236096,0.040017,6111.1
440,7 7 7 7 (1),0.0106449,0.431199,5555.4
629,7 7 7 7 (2),0.0104314,0.446283,5555.3
802,7 7 7 7 (3),0.00944104,0.409617,5555.2
972,7 7 7 7 (4),0.0098977,0.435999,5555.1
867,7 7 7 6 (1),0.0103457,0.0996365,5554.4
1046,7 7 7 6 (2),0.0101332,0.0988827,5554.3
1213,7 7 7 6 (3),0.0103605,0.0995595,5554.2
62,7 7 7 6 (4),0.0101118,0.0983393,5554.1
1287,7 7 7 5 (1),0.0101446,0.0987259,5553.4
133,7 7 7 5 (2),0.00983919,0.0971321,5553.3
303,7 7 7 5 (3),0.00994331,0.0978177,5553.2
476,7 7 7 5 (4),0.0100967,0.0984401,5553.1
380,7 7 7 4 (1),0.0102033,0.098956,5552.4
558,7 7 7 4 (2),0.010024,0.0981523,5552.3
727,7 7 7 4 (3),0.0102366,0.0992261,5552.2
904,7 7 7 4 (4),0.0101962,0.0989737,5552.1
805,7 7 7 A (1),0.00999981,0.0690974,5551.4
975,7 7 7 A (2),0.00985136,0.0686078,5551.3
1148,7 7 7 A (3),0.00997708,0.0691568,5551.2
3,7 7 7 A (4),0.00998671,0.0689961,5551.1
1093,7 7 6 6 (1),0.00989773,0.064925,5544.4
1270,7 7 6 6 (2),0.0100553,0.0653898,5544.3
112,7 7 6 6 (3),0.0101372,0.0656466,5544.2
283,7 7 6 6 (4),0.00999601,0.0650872,5544.1
184,7 7 6 5 (1),0.00989878,0.0396728,5543.4
357,7 7 6 5 (2),0.0100627,0.0399916,5543.3
527,7 7 6 5 (3),0.0100421,0.0399214,5543.2
704,7 7 6 5 (4),0.00994568,0.0397776,5543.1
607,7 7 6 4 (1),0.00999143,0.0399184,5542.4
778,7 7 6 4 (2),0.00993353,0.0397249,5542.3
952,7 7 6 4 (3),0.00995566,0.0397418,5542.2
1127,7 7 6 4 (4),0.0099173,0.0397707,5542.1
1027,7 7 6 A (1),0.00985775,0.0279364,5541.4
1195,7 7 6 A (2),0.00979457,0.0278417,5541.3
49,7 7 6 A (3),0.00990221,0.0279913,5541.2
224,7 7 6 A (4),0.00976017,0.0278254,5541.1
414,7 7 5 5 (1),0.00977251,0.0645051,5533.4
591,7 7 5 5 (2),0.009538,0.0636813,5533.3
762,7 7 5 5 (3),0.00962674,0.0639005,5533.2
932,7 7 5 5 (4),0.00955036,0.0637467,5533.1
836,7 7 5 4 (1),0.00969868,0.0392457,5532.4
1007,7 7 5 4 (2),0.00966997,0.0392132,5532.3
1177,7 7 5 4 (3),0.00956348,0.0389768,5532.2
28,7 7 5 4 (4),0.00958566,0.0390475,5532.1
1253,7 7 5 A (1),0.00958932,0.0276267,5531.4
97,7 7 5 A (2),0.00955504,0.0275502,5531.3
271,7 7 5 A (3),0.00950991,0.0275216,5531.2
446,7 7 5 A (4),0.00945293,0.0273957,5531.1
1063,7 7 4 4 (1),0.00940627,0.0631707,5522.4
1235,7 7 4 4 (2),0.0094317,0.0632049,5522.3
81,7 7 4 4 (3),0.00931017,0.0628176,5522.2
251,7 7 4 4 (4),0.00928779,0.0627813,5522.1
152,7 7 4 A (1),0.00934925,0.0272462,5521.4
323,7 7 4 A (2),0.009316,0.0271637,5521.3
496,7 7 4 A (3),0.00929977,0.0271362,5521.2
675,7 7 4 A (4),0.009275,0.0271455,5521.1
375,7 7 A A (1),0.00917085,0.0288468,5511.4
544,7 7 A A (2),0.00916798,0.0288589,5511.3
725,7 7 A A (3),0.00919763,0.0289046,5511.2
900,7 7 A A (4),0.0090891,0.0287093,5511.1
696,7 6 6 6 (1),0.00742125,0.0847285,5444.4
878,7 6 6 6 (2),0.00741229,0.0844942,5444.3
1052,7 6 6 6 (3),0.00752807,0.085048,5444.2
1223,7 6 6 6 (4),0.00723202,0.0833014,5444.1
1117,7 6 6 5 (1),0.00748078,0.0344308,5443.4
1294,7 6 6 5 (2),0.007401,0.0342963,5443.3
139,7 6 6 5 (3),0.00734508,0.0342011,5443.2
310,7 6 6 5 (4),0.0072779,0.0340059,5443.1
213,7 6 6 4 (1),0.00733785,0.0340805,5442.4
385,7 6 6 4 (2),0.00737184,0.0342729,5442.3
559,7 6 6 4 (3),0.00733759,0.0341342,5442.2
736,7 6 6 4 (4),0.0073326,0.0341524,5442.1
640,7 6 6 A (1),0.00727161,0.0239979,5441.4
816,7 6 6 A (2),0.00726184,0.024026,5441.3
987,7 6 6 A (3),0.0072188,0.02394,5441.2
1153,7 6 6 A (4),0.00721456,0.0239299,5441.1
21,7 6 5 5 (1),0.00670921,0.0326931,5433.4
195,7 6 5 5 (2),0.00670515,0.0326506,5433.3
364,7 6 5 5 (3),0.00659891,0.0323662,5433.2
534,7 6 5 5 (4),0.00662579,0.0324836,5433.1
434,7 6 5 4 (1),0.00656535,0.019773,5432.4
613,7 6 5 4 (2),0.00638107,0.0194914,5432.3
786,7 6 5 4 (3),0.00626932,0.019323,5432.2
958,7 6 5 4 (4),0.0060875,0.0190247,5432.1
862,7 6 5 A (1),0.00594668,0.0133003,5431.4
1034,7 6 5 A (2),0.00567399,0.012998,5431.3
1205,7 6 5 A (3),0.00530323,0.0125658,5431.2
54,7 6 5 A (4),0.00501746,0.0122183,5431.1
665,7 6 4 4 (1),0.00455223,0.0268933,5422.4
844,7 6 4 4 (2),0.00459274,0.0270245,5422.3
1015,7 6 4 4 (3),0.00450705,0.0267244,5422.2
1182,7 6 4 4 (4),0.00456838,0.0269465,5422.1
1085,7 6 4 A (1),0.00447805,0.0115383,5421.4
1259,7 6 4 A (2),0.00418099,0.011139,5421.3
106,7 6 4 A (3),0.0039408,0.0108433,5421.2
279,7 6 4 A (4),0.00367686,0.0104618,5421.1
1309,7 6 A A (1),0.00345934,0.0108483,5411.4
161,7 6 A A (2),0.0032893,0.0105572,5411.3
333,7 6 A A (3),0.00311321,0.0102903,5411.2
502,7 6 A A (4),0.00295252,0.0100271,5411.1
950,7 5 5 5 (1),0.0022534,0.0464582,5333.4
1125,7 5 5 5 (2),0.00225663,0.0465776,5333.3
1302,7 5 5 5 (3),0.00213807,0.0454539,5333.2
150,7 5 5 5 (4),0.00218158,0.0458093,5333.1
46,7 5 5 4 (1),0.00223824,0.0188491,5332.4
217,7 5 5 4 (2),0.00221807,0.0187538,5332.3
395,7 5 5 4 (3),0.00222835,0.0188032,5332.2
572,7 5 5 4 (4),0.00223664,0.0188619,5332.1
463,7 5 5 A (1),0.00216293,0.0131149,5331.4
644,7 5 5 A (2),0.00218565,0.0131952,5331.3
822,7 5 5 A (3),0.00216253,0.0131174,5331.2
992,7 5 5 A (4),0.00213151,0.0129942,5331.1
270,7 5 4 4 (1),0.00198145,0.0177662,5322.4
443,7 5 4 4 (2),0.00199686,0.0178142,5322.3
624,7 5 4 4 (3),0.00198574,0.0177356,5322.2
799,7 5 4 4 (4),0.0019817,0.0177586,5322.1
690,7 5 4 A (1),0.00192012,0.00756683,5321.4
870,7 5 4 A (2),0.0017602,0.00724239,5321.3
1044,7 5 4 A (3),0.00160522,0.00690183,5321.2
1215,7 5 4 A (4),0.00146091,0.00660011,5321.1
919,7 5 A A (1),0.00134342,0.00674827,5311.4
1094,7 5 A A (2),0.00124339,0.00649825,5311.3
1268,7 5 A A (3),0.00116229,0.00628289,5311.2
113,7 5 A A (4),0.00107838,0.00605624,5311.1
1207,7 4 4 4 (1),0.0008977,0.0294513,5222.4
1265,7 4 4 4 (2),0.000896923,0.0293845,5222.3
227,7 4 4 4 (3),0.000882656,0.0291147,5222.2
405,7 4 4 4 (4),0.000914609,0.0296555,5222.1
292,7 4 4 A (1),0.000887391,0.00838911,5221.4
355,7 4 4 A (2),0.000878637,0.00835345,5221.3
651,7 4 4 A (3),0.00085665,0.00827181,5221.2
828,7 4 4 A (4),0.000854786,0.00824548,5221.1
519,7 4 A A (1),0.000790585,0.00518698,5211.4
588,7 4 A A (2),0.000712973,0.00492323,5211.3
879,7 4 A A (3),0.000653493,0.00471287,5211.2
1054,7 4 A A (4),0.000581506,0.00444153,5211.1
130,7 A A A (1),0.000540711,0.00607366,5111.4
192,7 A A A (2),0.000513147,0.00590457,5111.3
474,7 A A A (3),0.000518217,0.00594117,5111.2
657,7 A A A (4),0.00050379,0.00585371,5111.1
748,6 6 6 6 (1),0.0,0.0,4444.4
812,6 6 6 6 (2),0.000133517,0.0561468,4444.3
1097,6 6 6 6 (3),0.000101732,0.0404815,4444.2
1273,6 6 6 6 (4),7.27878e-05,0.0336814,4444.1
1165,6 6 6 5 (1),0.000118249,0.0106371,4443.4
1228,6 6 6 5 (2),0.000151764,0.0120022,4443.3
189,6 6 6 5 (3),0.000152466,0.0121058,4443.2
362,6 6 6 5 (4),0.000147544,0.0118348,4443.1
256,6 6 6 4 (1),0.000144351,0.0117148,4442.4
315,6 6 6 4 (2),0.000144906,0.0118382,4442.3
611,6 6 6 4 (3),0.000145736,0.0118906,4442.2
782,6 6 6 4 (4),9.24998e-05,0.00936971,4442.1
679,6 6 6 A (1),0.000142956,0.00829336,4441.4
741,6 6 6 A (2),0.000143234,0.00828827,4441.3
1032,6 6 6 A (3),0.000112398,0.00732099,4441.2
1202,6 6 6 A (4),0.000129592,0.0078547,4441.1
64,6 6 5 5 (1),0.000142433,0.0077577,4433.4
123,6 6 5 5 (2),0.000161271,0.00827103,4433.3
416,6 6 5 5 (3),0.000140631,0.00775679,4433.2
594,6 6 5 5 (4),0.000147114,0.00789949,4433.1
478,6 6 5 4 (1),0.000148862,0.00486122,4432.4
538,6 6 5 4 (2),0.000147276,0.00484007,4432.3
840,6 6 5 4 (3),0.000137427,0.00466984,4432.2
1011,6 6 5 4 (4),0.000142267,0.00474825,4432.1
905,6 6 5 A (1),0.000143966,0.00338064,4431.4
965,6 6 5 A (2),0.000143484,0.00337541,4431.3
1257,6 6 5 A (3),0.000138001,0.00330671,4431.2
102,6 6 5 A (4),0.000131806,0.00323504,4431.1
708,6 6 4 4 (1),0.000135793,0.00758464,4422.4
770,6 6 4 4 (2),0.000129681,0.00740095,4422.3
1067,6 6 4 4 (3),0.000144649,0.00785759,4422.2
1240,6 6 4 4 (4),0.000120509,0.00715261,4422.1
1130,6 6 4 A (1),0.000136194,0.00328556,4421.4
1187,6 6 4 A (2),0.000136697,0.0033008,4421.3
156,6 6 4 A (3),0.000130139,0.00321696,4421.2
334,6 6 4 A (4),0.000126629,0.00316935,4421.1
30,6 6 A A (1),0.000120697,0.00331471,4411.4
89,6 6 A A (2),0.000129884,0.00343772,4411.3
381,6 6 A A (3),0.000131582,0.00346124,4411.2
552,6 6 A A (4),0.000118863,0.00328727,4411.1
1002,6 5 5 5 (1),9.4453e-05,0.00948595,4333.4
1064,6 5 5 5 (2),7.6098e-05,0.00855039,4333.3
23,6 5 5 5 (3),9.98959e-05,0.00971174,4333.2
200,6 5 5 5 (4),9.47847e-05,0.00943916,4333.1
92,6 5 5 4 (1),8.59525e-05,0.00369461,4332.4
153,6 5 5 4 (2),8.46741e-05,0.00366827,4332.3
438,6 5 5 4 (3),9.40922e-05,0.00385942,4332.2
625,6 5 5 4 (4),8.16174e-05,0.00359813,4332.1
507,6 5 5 A (1),8.38441e-05,0.00258261,4331.4
576,6 5 5 A (2),8.20957e-05,0.00254944,4331.3
866,6 5 5 A (3),7.54817e-05,0.00244653,4331.2
1039,6 5 5 A (4),8.1725e-05,0.00254411,4331.1
314,6 5 4 4 (1),7.07567e-05,0.00334996,4322.4
377,6 5 4 4 (2),6.94084e-05,0.0033233,4322.3
670,6 5 4 4 (3),7.31463e-05,0.00341902,4322.2
849,6 5 4 4 (4),6.28162e-05,0.00317016,4322.1
740,6 5 4 A (1),5.98798e-05,0.00133448,4321.4
807,6 5 4 A (2),5.29469e-05,0.00125518,4321.3
1090,6 5 4 A (3),4.59193e-05,0.00117067,4321.2
1264,6 5 4 A (4),3.58081e-05,0.0010318,4321.1
963,6 5 A A (1),2.72694e-05,0.000962891,4311.4
1026,6 5 A A (2),2.21736e-05,0.000868464,4311.3
1315,6 5 A A (3),1.80906e-05,0.000784488,4311.2
167,6 5 A A (4),1.50753e-05,0.000715942,4311.1
1255,6 4 4 4 (1),9.91517e-06,0.00317589,4222.4
1316,6 4 4 4 (2),8.22544e-06,0.00286187,4222.3
272,6 4 4 4 (3),5.25472e-06,0.00235216,4222.2
449,6 4 4 4 (4),4.61612e-06,0.00206765,4222.1
344,6 4 4 A (1),8.06691e-06,0.00080022,4221.4
407,6 4 4 A (2),8.94841e-06,0.000847154,4221.3
694,6 4 4 A (3),8.98116e-06,0.000843912,4221.2
876,6 4 4 A (4),1.00526e-05,0.00089359,4221.1
575,6 4 A A (1),7.09328e-06,0.000491478,4211.4
637,6 4 A A (2),5.5033e-06,0.000432865,4211.3
924,6 4 A A (3),3.33821e-06,0.000336667,4211.2
1100,6 4 A A (4),2.37426e-06,0.000283808,4211.1
178,6 A A A (1),1.02552e-06,0.000264907,4111.4
238,6 A A A (2),2.15777e-06,0.000383522,4111.3
522,6 A A A (3),6.78629e-07,0.000214644,4111.2
700,6 A A A (4),1.70399e-06,0.000340941,4111.1
1053,5 5 5 5 (1),0.0,0.0,3333.4
1225,5 5 5 5 (2),0.0,0.0,3333.3
70,5 5 5 5 (3),0.0,0.0,3333.2
244,5 5 5 5 (4),0.0,0.0,3333.1
140,5 5 5 4 (1),0.0,0.0,3332.4
311,5 5 5 4 (2),0.0,0.0,3332.3
484,5 5 5 4 (3),0.0,0.0,3332.2
668,5 5 5 4 (4),0.0,0.0,3332.1
561,5 5 5 A (1),0.0,0.0,3331.4
734,5 5 5 A (2),0.0,0.0,3331.3
911,5 5 5 A (3),7.97448e-07,0.0006177,3331.2
1091,5 5 5 A (4),0.0,0.0,3331.1
365,5 5 4 4 (1),0.0,0.0,3322.4
535,5 5 4 4 (2),6.88705e-07,0.000533468,3322.3
711,5 5 4 4 (3),0.0,0.0,3322.2
892,5 5 4 4 (4),0.0,0.0,3322.1
787,5 5 4 A (1),1.29299e-07,0.000100155,3321.4
960,5 5 4 A (2),0.0,0.0,3321.3
1135,5 5 4 A (3),0.0,0.0,3321.2
1310,5 5 4 A (4),0.0,0.0,3321.1
1014,5 5 A A (1),1.48544e-07,0.000115062,3311.4
1184,5 5 A A (2),1.43308e-07,0.000111005,3311.3
34,5 5 A A (3),0.0,0.0,3311.2
210,5 5 A A (4),1.51653e-07,0.00011747,3311.1
1301,5 4 4 4 (1),0.0,0.0,3222.4
149,5 4 4 4 (2),0.0,0.0,3222.3
319,5 4 4 4 (3),0.0,0.0,3222.2
495,5 4 4 4 (4),0.0,0.0,3222.1
394,5 4 4 A (1),0.0,0.0,3221.4
573,5 4 4 A (2),1.28502e-07,9.95369e-05,3221.3
746,5 4 4 A (3),0.0,0.0,3221.2
922,5 4 4 A (4),0.0,0.0,3221.1
623,5 4 A A (1),0.0,0.0,3211.4
797,5 4 A A (2),0.0,0.0,3211.3
969,5 4 A A (3),0.0,0.0,3211.2
1143,5 4 A A (4),0.0,0.0,3211.1
226,5 A A A (1),0.0,0.0,3111.4
402,5 A A A (2),0.0,0.0,3111.3
581,5 A A A (3),0.0,0.0,3111.2
754,5 A A A (4),0.0,0.0,3111.1
1237,4 4 4 4 (1),0.0,0.0,2222.4
199,4 4 4 4 (2),0.0,0.0,2222.3
370,4 4 4 4 (3),0.0,0.0,2222.2
540,4 4 4 4 (4),0.0,0.0,2222.1
325,4 4 4 A (1),0.0,0.0,2221.4
626,4 4 4 A (2),0.0,0.0,2221.3
792,4 4 4 A (3),0.0,0.0,2221.2
966,4 4 4 A (4),0.0,0.0,2221.1
547,4 4 A A (1),0.0,0.0,2211.4
847,4 4 A A (2),0.0,0.0,2211.3
1018,4 4 A A (3),0.0,0.0,2211.2
1188,4 4 A A (4),0.0,0.0,2211.1
162,4 A A A (1),0.0,0.0,2111.4
447,4 A A A (2),0.0,0.0,2111.3
630,4 A A A (3),0.0,0.0,2111.2
803,4 A A A (4),0.0,0.0,2111.1
321,A A A A (1),0.0,0.0,1111.4
494,A A A A (2),0.0,0.0,1111.3
557,A A A A (3),0.0,0.0,1111.2
851,A A A A (4),0.0,0.0,1111.1
