,Mano,Chica,Stddev_chica,Chica_value
15,A A A A (1),100.0,0.0,1110.6
23,A A A A (2),99.9983,0.0273437,1110.7
567,A A A A (3),99.9967,0.0376672,1110.8
511,A A A A (4),99.9949,0.0473567,1110.9
1027,4 A A A (1),99.9745,0.058735,1111.6
65,4 A A A (2),99.9234,0.102255,1111.7
810,4 A A A (3),99.8723,0.131662,1111.8
1051,4 A A A (4),99.8217,0.155706,1111.9
1147,5 A A A (1),99.771,0.176627,1112.6
51,5 A A A (2),99.7201,0.194559,1112.7
191,5 A A A (3),99.6685,0.212102,1112.8
1224,5 A A A (4),99.6179,0.2273,1112.9
339,6 A A A (1),99.567,0.241922,1113.6
151,6 A A A (2),99.516,0.255988,1113.7
166,6 A A A (3),99.4652,0.269318,1113.8
49,6 A A A (4),99.4141,0.281557,1113.9
1124,7 A A A (1),99.3642,0.293302,1114.6
1175,7 A A A (2),99.3138,0.305423,1114.7
77,7 A A A (3),99.261,0.315947,1114.8
30,7 A A A (4),99.2112,0.326269,1114.9
1109,S A A A (1),99.1602,0.336896,1115.6
912,S A A A (2),99.108,0.347699,1115.7
68,S A A A (3),99.0576,0.356843,1115.8
498,S A A A (4),99.0071,0.36572,1115.9
270,C A A A (1),98.9568,0.375092,1116.6
565,C A A A (2),98.9038,0.384188,1116.7
820,C A A A (3),98.8535,0.392074,1116.8
881,C A A A (4),98.8024,0.401431,1116.9
305,R A A A (1),98.7517,0.289649,1117.6
524,R A A A (2),98.6336,0.303247,1117.7
1273,R A A A (3),98.5151,0.314617,1117.8
814,R A A A (4),98.3965,0.327106,1117.9
91,4 4 A A (1),96.8717,0.74255,1121.6
96,4 4 A A (2),96.8447,0.744122,1121.7
1143,4 4 A A (3),96.8187,0.747584,1121.8
183,4 4 A A (4),96.7939,0.750654,1121.9
110,5 4 A A (1),96.6416,0.470261,1122.6
1296,5 4 A A (2),96.4143,0.484656,1122.7
326,5 4 A A (3),96.1862,0.498658,1122.8
994,5 4 A A (4),95.9593,0.514502,1122.9
676,6 4 A A (1),95.7338,0.526554,1123.6
1000,6 4 A A (2),95.5052,0.540652,1123.7
221,6 4 A A (3),95.2789,0.552753,1123.8
1268,6 4 A A (4),95.052,0.565598,1123.9
977,7 4 A A (1),94.8267,0.577822,1124.6
1192,7 4 A A (2),94.6004,0.589595,1124.7
1260,7 4 A A (3),94.3738,0.601448,1124.8
976,7 4 A A (4),94.1461,0.612294,1124.9
736,S 4 A A (1),93.9176,0.624078,1125.6
452,S 4 A A (2),93.6927,0.63527,1125.7
1236,S 4 A A (3),93.4684,0.645047,1125.8
59,S 4 A A (4),93.2435,0.654811,1125.9
591,C 4 A A (1),93.0186,0.66609,1126.6
1171,C 4 A A (2),92.7909,0.674367,1126.7
998,C 4 A A (3),92.5674,0.682936,1126.8
128,C 4 A A (4),92.3462,0.692655,1126.9
155,R 4 A A (1),92.1201,0.495907,1127.6
370,R 4 A A (2),91.5943,0.511291,1127.7
958,R 4 A A (3),91.0726,0.525584,1127.8
104,R 4 A A (4),90.5496,0.540119,1127.9
108,5 5 A A (1),88.6238,1.35316,1132.6
2,5 5 A A (2),88.6034,1.35259,1132.7
11,5 5 A A (3),88.5771,1.3556,1132.8
4,5 5 A A (4),88.5536,1.35609,1132.9
1135,6 5 A A (1),88.4094,0.834108,1133.6
1122,6 5 A A (2),88.1866,0.841684,1133.7
917,6 5 A A (3),87.966,0.848777,1133.8
1088,6 5 A A (4),87.7466,0.853592,1133.9
1207,7 5 A A (1),87.5271,0.861583,1134.6
959,7 5 A A (2),87.307,0.869185,1134.7
1018,7 5 A A (3),87.0878,0.873305,1134.8
1204,7 5 A A (4),86.8734,0.88347,1134.9
495,S 5 A A (1),86.6524,0.886095,1135.6
842,S 5 A A (2),86.4326,0.893024,1135.7
1157,S 5 A A (3),86.2161,0.901011,1135.8
773,S 5 A A (4),85.9946,0.905808,1135.9
601,C 5 A A (1),85.7788,0.911459,1136.6
392,C 5 A A (2),85.5586,0.916948,1136.7
1041,C 5 A A (3),85.3419,0.92411,1136.8
849,C 5 A A (4),85.126,0.928926,1136.9
429,R 5 A A (1),84.906,0.660891,1137.6
897,R 5 A A (2),84.3991,0.66908,1137.7
1278,R 5 A A (3),83.8922,0.678668,1137.8
1276,R 5 A A (4),83.3887,0.687109,1137.9
113,6 6 A A (1),81.8115,1.64459,1143.6
24,6 6 A A (2),81.7948,1.64001,1143.7
14,6 6 A A (3),81.7679,1.64663,1143.8
21,6 6 A A (4),81.7416,1.64648,1143.9
902,7 6 A A (1),81.6002,1.0113,1144.6
1239,7 6 A A (2),81.3859,1.01363,1144.7
1028,7 6 A A (3),81.1715,1.02095,1144.8
63,7 6 A A (4),80.9574,1.02424,1144.9
1010,S 6 A A (1),80.7456,1.02972,1145.6
373,S 6 A A (2),80.5363,1.033,1145.7
1148,S 6 A A (3),80.3217,1.03695,1145.8
52,S 6 A A (4),80.1051,1.04002,1145.9
766,C 6 A A (1),79.8954,1.04455,1146.6
1209,C 6 A A (2),79.6853,1.04998,1146.7
340,C 6 A A (3),79.4703,1.05371,1146.8
150,C 6 A A (4),79.2589,1.05932,1146.9
931,R 6 A A (1),79.0478,0.751808,1147.6
1081,R 6 A A (2),78.5568,0.757602,1147.7
1125,R 6 A A (3),78.0627,0.763544,1147.8
1176,R 6 A A (4),77.5711,0.768971,1147.9
19,7 7 A A (1),76.3176,1.81443,1154.6
47,7 7 A A (2),76.2889,1.81479,1154.7
90,7 7 A A (3),76.2679,1.81456,1154.8
94,7 7 A A (4),76.2487,1.81494,1154.9
120,S 7 A A (1),76.1083,1.11322,1155.6
649,S 7 A A (2),75.8981,1.11465,1155.7
109,S 7 A A (3),75.691,1.11814,1155.8
1295,S 7 A A (4),75.4853,1.12307,1155.9
276,C 7 A A (1),75.2778,1.12275,1156.6
222,C 7 A A (2),75.0636,1.13007,1156.7
675,C 7 A A (3),74.8589,1.1312,1156.8
999,C 7 A A (4),74.6553,1.13537,1156.9
1062,R 7 A A (1),74.4482,0.802677,1157.6
1117,R 7 A A (2),73.9662,0.809578,1157.7
978,R 7 A A (3),73.4848,0.814194,1157.8
1193,R 7 A A (4),73.0013,0.819571,1157.9
26,S S A A (1),72.0438,1.91233,1165.6
1287,S S A A (2),72.0196,1.91156,1165.7
107,S S A A (3),71.9995,1.91313,1165.8
1,S S A A (4),71.9774,1.91617,1165.9
185,C S A A (1),71.8415,1.17323,1166.6
781,C S A A (2),71.6388,1.17473,1166.7
1134,C S A A (3),71.4368,1.17897,1166.8
1123,C S A A (4),71.2309,1.17993,1166.9
970,R S A A (1),71.024,0.837839,1167.6
906,R S A A (2),70.5522,0.840301,1167.7
1208,R S A A (3),70.0801,0.84499,1167.8
960,R S A A (4),69.6081,0.846937,1167.9
92,C C A A (1),68.9363,1.97207,1176.6
177,C C A A (2),68.9118,1.97393,1176.7
114,C C A A (3),68.8919,1.97357,1176.8
25,C C A A (4),68.8663,1.96983,1176.9
153,R C A A (1),68.7337,0.854614,1177.6
1026,R C A A (2),68.2623,0.857408,1177.7
903,R C A A (3),67.7923,0.861893,1177.8
1240,R C A A (4),67.3299,0.863341,1177.9
1266,R R A A (1),66.928,0.927354,1187.6
1269,R R A A (2),66.5952,0.930587,1187.7
20,R R A A (3),66.2623,0.933502,1187.8
48,R R A A (4),65.9316,0.936428,1187.9
1167,4 4 4 A (1),56.0911,4.86354,1221.6
18,4 4 4 A (2),56.0905,4.86061,1221.7
318,4 4 4 A (3),56.0777,4.86655,1221.8
489,4 4 4 A (4),56.0931,4.85884,1221.9
854,5 4 4 A (1),56.0846,1.97698,1222.6
116,5 4 4 A (2),56.0561,1.97703,1222.7
359,5 4 4 A (3),56.0223,1.97477,1222.8
596,5 4 4 A (4),56.0044,1.97847,1222.9
1227,6 4 4 A (1),55.9744,1.98149,1223.6
170,6 4 4 A (2),55.9521,1.97823,1223.7
1080,6 4 4 A (3),55.9353,1.98229,1223.8
1238,6 4 4 A (4),55.9079,1.97822,1223.9
1302,7 4 4 A (1),55.8752,1.98401,1224.6
1221,7 4 4 A (2),55.8546,1.9812,1224.7
1007,7 4 4 A (3),55.8296,1.98233,1224.8
71,7 4 4 A (4),55.7986,1.97839,1224.9
434,S 4 4 A (1),55.7805,1.97991,1225.6
328,S 4 4 A (2),55.7502,1.98142,1225.7
1183,S 4 4 A (3),55.731,1.98291,1225.8
1218,S 4 4 A (4),55.6971,1.98208,1225.9
1067,C 4 4 A (1),55.6773,1.98339,1226.6
800,C 4 4 A (2),55.6515,1.98202,1226.7
928,C 4 4 A (3),55.6262,1.9822,1226.8
1086,C 4 4 A (4),55.6012,1.98306,1226.9
785,R 4 4 A (1),55.5738,1.39631,1227.6
1091,R 4 4 A (2),55.516,1.40065,1227.7
1180,R 4 4 A (3),55.4544,1.4002,1227.8
1005,R 4 4 A (4),55.4013,1.40057,1227.9
73,5 5 4 A (1),54.0875,1.98189,1232.6
88,5 5 4 A (2),54.0545,1.98607,1232.7
126,5 5 4 A (3),54.0266,1.9829,1232.8
36,5 5 4 A (4),54.0032,1.98656,1232.9
1315,6 5 4 A (1),53.8549,1.21815,1233.6
1270,6 5 4 A (2),53.6237,1.21489,1233.7
1248,6 5 4 A (3),53.4034,1.21823,1233.8
1264,6 5 4 A (4),53.1781,1.22027,1233.9
1043,7 5 4 A (1),52.9496,1.21666,1234.6
1019,7 5 4 A (2),52.7273,1.21911,1234.7
243,7 5 4 A (3),52.5054,1.21802,1234.8
144,7 5 4 A (4),52.2803,1.2194,1234.9
548,S 5 4 A (1),52.056,1.22057,1235.6
818,S 5 4 A (2),51.8341,1.21803,1235.7
1076,S 5 4 A (3),51.6093,1.22191,1235.8
162,S 5 4 A (4),51.3897,1.2207,1235.9
1161,C 5 4 A (1),51.1641,1.21843,1236.6
220,C 5 4 A (2),50.9434,1.22038,1236.7
1059,C 5 4 A (3),50.726,1.22023,1236.8
1116,C 5 4 A (4),50.5004,1.22142,1236.9
1035,R 5 4 A (1),50.2841,0.861176,1237.6
1112,R 5 4 A (2),49.7688,0.862774,1237.7
1289,R 5 4 A (3),49.2612,0.862173,1237.8
1235,R 5 4 A (4),48.7487,0.861798,1237.9
7,6 6 4 A (1),47.1826,1.99137,1243.6
67,6 6 4 A (2),47.1552,1.9905,1243.7
1241,6 6 4 A (3),47.1331,1.98898,1243.8
1115,6 6 4 A (4),47.113,1.98723,1243.9
1282,7 6 4 A (1),46.9733,1.21838,1244.6
1309,7 6 4 A (2),46.764,1.21753,1244.7
234,7 6 4 A (3),46.5526,1.21948,1244.8
1281,7 6 4 A (4),46.3425,1.21658,1244.9
414,S 6 4 A (1),46.1314,1.21787,1245.6
504,S 6 4 A (2),45.9264,1.21456,1245.7
697,S 6 4 A (3),45.7147,1.21625,1245.8
1220,S 6 4 A (4),45.5084,1.21719,1245.9
802,C 6 4 A (1),45.3035,1.21419,1246.6
1048,C 6 4 A (2),45.0926,1.21517,1246.7
1105,C 6 4 A (3),44.8887,1.21392,1246.8
1182,C 6 4 A (4),44.6818,1.21285,1246.9
1022,R 6 4 A (1),44.4771,0.857108,1247.6
880,R 6 4 A (2),43.9945,0.856631,1247.7
916,R 6 4 A (3),43.5175,0.8561,1247.8
1187,R 6 4 A (4),43.0414,0.855526,1247.9
132,7 7 4 A (1),41.8349,1.96347,1254.6
142,7 7 4 A (2),41.8181,1.96369,1254.7
1168,7 7 4 A (3),41.7965,1.96934,1254.8
16,7 7 4 A (4),41.7709,1.96912,1254.9
709,S 7 4 A (1),41.6403,1.20342,1255.6
545,S 7 4 A (2),41.4464,1.20141,1255.7
855,S 7 4 A (3),41.248,1.20038,1255.8
115,S 7 4 A (4),41.0499,1.20392,1255.9
1099,C 7 4 A (1),40.8555,1.19589,1256.6
1054,C 7 4 A (2),40.6579,1.1953,1256.7
1228,C 7 4 A (3),40.4622,1.19582,1256.8
169,C 7 4 A (4),40.2679,1.20065,1256.9
324,R 7 4 A (1),40.0743,0.844772,1257.6
991,R 7 4 A (2),39.6172,0.840653,1257.7
1303,R 7 4 A (3),39.1643,0.843241,1257.8
1222,R 7 4 A (4),38.7192,0.839258,1257.9
1313,S S 4 A (1),37.8321,1.93711,1265.6
1094,S S 4 A (2),37.8074,1.93383,1265.7
72,S S 4 A (3),37.7926,1.93512,1265.8
87,S S 4 A (4),37.7784,1.93441,1265.9
946,C S 4 A (1),37.6467,1.1818,1266.6
1253,C S 4 A (2),37.4553,1.18123,1266.7
1314,C S 4 A (3),37.2636,1.18088,1266.8
1271,C S 4 A (4),37.0762,1.17667,1266.9
455,R S 4 A (1),36.891,0.831578,1267.6
1291,R S 4 A (2),36.4584,0.831685,1267.7
1044,R S 4 A (3),36.0265,0.829122,1267.8
1020,R S 4 A (4),35.5917,0.825932,1267.9
165,C C 4 A (1),34.9853,1.90523,1276.6
137,C C 4 A (2),34.9619,1.90109,1276.7
8,C C 4 A (3),34.9441,1.89538,1276.8
66,C C 4 A (4),34.9249,1.89695,1276.9
1307,R C 4 A (1),34.8058,0.822395,1277.6
1155,R C 4 A (2),34.3835,0.819823,1277.7
1283,R C 4 A (3),33.9605,0.816027,1277.8
1310,R C 4 A (4),33.5439,0.814332,1277.9
1042,R R 4 A (1),33.1875,0.869814,1287.6
194,R R 4 A (2),32.8876,0.86689,1287.7
133,R R 4 A (3),32.5966,0.862539,1287.8
143,R R 4 A (4),32.2987,0.862775,1287.9
757,5 5 5 A (1),27.1117,4.35059,1332.6
1030,5 5 5 A (2),27.0898,4.36252,1332.7
423,5 5 5 A (3),27.099,4.36232,1332.8
804,5 5 5 A (4),27.0949,4.35787,1332.9
626,6 5 5 A (1),27.1016,1.7679,1333.6
1149,6 5 5 A (2),27.08,1.77513,1333.7
54,6 5 5 A (3),27.0646,1.77186,1333.8
193,6 5 5 A (4),27.0527,1.76803,1333.9
1210,7 5 5 A (1),27.0363,1.77136,1334.6
341,7 5 5 A (2),27.0213,1.76816,1334.7
883,7 5 5 A (3),27.0115,1.76844,1334.8
167,7 5 5 A (4),26.9909,1.77096,1334.9
659,S 5 5 A (1),26.9791,1.76999,1335.6
869,S 5 5 A (2),26.9609,1.77177,1335.7
836,S 5 5 A (3),26.9511,1.77317,1335.8
76,S 5 5 A (4),26.9308,1.76865,1335.9
282,C 5 5 A (1),26.9129,1.76399,1336.6
833,C 5 5 A (2),26.894,1.76869,1336.7
715,C 5 5 A (3),26.882,1.76708,1336.8
70,C 5 5 A (4),26.8663,1.77021,1336.9
527,R 5 5 A (1),26.8504,1.25057,1337.6
273,R 5 5 A (2),26.8134,1.24756,1337.7
560,R 5 5 A (3),26.781,1.24552,1337.8
741,R 5 5 A (4),26.7456,1.24481,1337.9
650,6 6 5 A (1),26.0653,1.7502,1343.6
112,6 6 5 A (2),26.056,1.74666,1343.7
1297,6 6 5 A (3),26.0368,1.74856,1343.8
380,6 6 5 A (4),26.0192,1.75082,1343.9
689,7 6 5 A (1),25.9313,1.06874,1344.6
672,7 6 5 A (2),25.791,1.06655,1344.7
1004,7 6 5 A (3),25.6576,1.06453,1344.8
230,7 6 5 A (4),25.5236,1.06315,1344.9
558,S 6 5 A (1),25.3834,1.06481,1345.6
212,S 6 5 A (2),25.2498,1.05921,1345.7
940,S 6 5 A (3),25.114,1.05824,1345.8
1259,S 6 5 A (4),24.9762,1.05638,1345.9
479,C 6 5 A (1),24.842,1.05418,1346.6
731,C 6 5 A (2),24.7067,1.05023,1346.7
453,C 6 5 A (3),24.571,1.05017,1346.8
1237,C 6 5 A (4),24.4391,1.04876,1346.9
982,R 6 5 A (1),24.3065,0.739055,1347.6
456,R 6 5 A (2),23.9961,0.73647,1347.7
1172,R 6 5 A (3),23.6866,0.732659,1347.8
995,R 6 5 A (4),23.3803,0.729728,1347.9
61,7 7 5 A (1),22.5987,1.66608,1354.6
1133,7 7 5 A (2),22.588,1.6661,1354.7
700,7 7 5 A (3),22.5744,1.66443,1354.8
965,7 7 5 A (4),22.5592,1.66672,1354.9
10,S 7 5 A (1),22.4745,1.01836,1355.6
1130,S 7 5 A (2),22.351,1.01511,1355.7
862,S 7 5 A (3),22.2233,1.01234,1355.8
44,S 7 5 A (4),22.0954,1.01473,1355.9
311,C 7 5 A (1),21.9677,1.00971,1356.6
497,C 7 5 A (2),21.8415,1.00876,1356.7
846,C 7 5 A (3),21.7174,1.0072,1356.8
1156,C 7 5 A (4),21.5926,1.00361,1356.9
358,R 7 5 A (1),21.4666,0.707617,1357.6
598,R 7 5 A (2),21.1745,0.703601,1357.7
393,R 7 5 A (3),20.8897,0.700921,1357.8
1039,R 7 5 A (4),20.599,0.696912,1357.9
1095,S S 5 A (1),20.0385,1.59896,1365.6
899,S S 5 A (2),20.0178,1.59266,1365.7
758,S S 5 A (3),20.0063,1.59795,1365.8
1031,S S 5 A (4),19.9923,1.59257,1365.9
949,C S 5 A (1),19.9144,0.975216,1366.6
1009,C S 5 A (2),19.7916,0.971604,1366.7
625,C S 5 A (3),19.6768,0.970479,1366.8
1150,C S 5 A (4),19.5575,0.967801,1366.9
349,R S 5 A (1),19.4393,0.682272,1367.6
762,R S 5 A (2),19.1613,0.67843,1367.7
1211,R S 5 A (3),18.8889,0.675978,1367.8
342,R S 5 A (4),18.6149,0.671475,1367.9
611,C C 5 A (1),18.2362,1.53613,1376.6
118,C C 5 A (2),18.2151,1.53949,1376.7
651,C C 5 A (3),18.208,1.53824,1376.8
111,C C 5 A (4),18.1906,1.53859,1376.9
1188,R C 5 A (1),18.1158,0.664466,1377.6
277,R C 5 A (2),17.8493,0.662276,1377.7
688,R C 5 A (3),17.5851,0.656397,1377.8
671,R C 5 A (4),17.323,0.652157,1377.9
1138,R R 5 A (1),17.1009,0.694467,1387.6
1288,R R 5 A (2),16.9138,0.690762,1387.7
62,R R 5 A (3),16.7288,0.688544,1387.8
1132,R R 5 A (4),16.5435,0.686711,1387.9
100,6 6 6 A (1),14.2246,3.42485,1443.6
852,6 6 6 A (2),14.2165,3.43232,1443.7
603,6 6 6 A (3),14.2199,3.41777,1443.8
357,6 6 6 A (4),14.215,3.42149,1443.9
179,7 6 6 A (1),14.2194,1.39268,1444.6
1225,7 6 6 A (2),14.2119,1.39077,1444.7
790,7 6 6 A (3),14.2013,1.39179,1444.8
1078,7 6 6 A (4),14.1913,1.39291,1444.9
290,S 6 6 A (1),14.1794,1.38894,1445.6
637,S 6 6 A (2),14.1737,1.38801,1445.7
954,S 6 6 A (3),14.1561,1.38623,1445.8
1006,S 6 6 A (4),14.1535,1.38855,1445.9
536,C 6 6 A (1),14.1404,1.39095,1446.6
436,C 6 6 A (2),14.1282,1.38776,1446.7
75,C 6 6 A (3),14.1193,1.38658,1446.8
1185,C 6 6 A (4),14.1064,1.39042,1446.9
298,R 6 6 A (1),14.1,0.982892,1447.6
521,R 6 6 A (2),14.0752,0.981004,1447.7
798,R 6 6 A (3),14.0512,0.979219,1447.8
929,R 6 6 A (4),14.0281,0.978866,1447.9
1255,7 7 6 A (1),13.663,1.37079,1454.6
1317,7 7 6 A (2),13.6638,1.37144,1454.7
1195,7 7 6 A (3),13.655,1.36723,1454.8
1252,7 7 6 A (4),13.6355,1.36832,1454.9
1107,S 7 6 A (1),13.5792,0.834159,1455.6
910,S 7 6 A (2),13.4905,0.834808,1455.7
408,S 7 6 A (3),13.399,0.829672,1455.8
252,S 7 6 A (4),13.3117,0.829876,1455.9
259,C 7 6 A (1),13.2229,0.826911,1456.6
547,C 7 6 A (2),13.1348,0.822612,1456.7
816,C 7 6 A (3),13.0473,0.823101,1456.8
1075,C 7 6 A (4),12.9593,0.820211,1456.9
514,R 7 6 A (1),12.8703,0.577751,1457.6
1160,R 7 6 A (2),12.6667,0.574243,1457.7
217,R 7 6 A (3),12.4652,0.570309,1457.8
1061,R 7 6 A (4),12.264,0.566303,1457.9
129,S S 6 A (1),11.8714,1.29318,1465.6
1038,S S 6 A (2),11.8628,1.28733,1465.7
1179,S S 6 A (3),11.8546,1.28948,1465.8
241,S S 6 A (4),11.8413,1.28822,1465.9
593,C S 6 A (1),11.7858,0.785841,1466.6
413,C S 6 A (2),11.7035,0.784039,1466.7
503,C S 6 A (3),11.6211,0.783274,1466.8
698,C S 6 A (4),11.5417,0.778418,1466.9
419,R S 6 A (1),11.4555,0.548882,1467.6
809,R S 6 A (2),11.2657,0.544623,1467.7
1049,R S 6 A (3),11.0747,0.540571,1467.8
1104,R S 6 A (4),10.8876,0.537458,1467.9
121,C C 6 A (1),10.6198,1.22792,1476.6
710,C C 6 A (2),10.6126,1.2288,1476.7
101,C C 6 A (3),10.6016,1.22932,1476.8
853,C C 6 A (4),10.5967,1.22467,1476.9
926,R C 6 A (1),10.5398,0.530021,1477.6
1098,R C 6 A (2),10.3568,0.52484,1477.7
180,R C 6 A (3),10.1742,0.521605,1477.8
1226,R C 6 A (4),9.99507,0.516968,1477.9
813,R R 6 A (1),9.8406,0.548819,1487.6
945,R R 6 A (2),9.71481,0.544885,1487.7
1254,R R 6 A (3),9.58817,0.542411,1487.8
1316,R R 6 A (4),9.46126,0.538746,1487.9
1013,7 7 7 A (1),8.40158,2.72133,1554.6
624,7 7 7 A (2),8.40585,2.72741,1554.7
612,7 7 7 A (3),8.40734,2.72089,1554.8
50,7 7 7 A (4),8.40057,2.72043,1554.9
42,S 7 7 A (1),8.40165,1.10713,1555.6
727,S 7 7 A (2),8.39358,1.10582,1555.7
336,S 7 7 A (3),8.39303,1.10508,1555.8
884,S 7 7 A (4),8.38182,1.10211,1555.9
747,C 7 7 A (1),8.36855,1.10142,1556.6
658,C 7 7 A (2),8.36865,1.10237,1556.7
866,C 7 7 A (3),8.36127,1.10176,1556.8
837,C 7 7 A (4),8.3565,1.10476,1556.9
585,R 7 7 A (1),8.34613,0.778636,1557.6
280,R 7 7 A (2),8.32621,0.77894,1557.7
830,R 7 7 A (3),8.31056,0.777142,1557.8
713,R 7 7 A (4),8.29802,0.775732,1557.9
681,S S 7 A (1),8.09249,1.08649,1565.6
690,S S 7 A (2),8.08587,1.08766,1565.7
673,S S 7 A (3),8.07611,1.08589,1565.8
174,S S 7 A (4),8.06897,1.08797,1565.9
1066,C S 7 A (1),8.02894,0.663062,1566.6
557,C S 7 A (2),7.96266,0.661088,1566.7
215,C S 7 A (3),7.89744,0.658212,1566.8
939,C S 7 A (4),7.83341,0.656373,1566.9
1199,R S 7 A (1),7.76988,0.461638,1567.6
478,R S 7 A (2),7.62143,0.457902,1567.7
734,R S 7 A (3),7.47326,0.45426,1567.8
451,R S 7 A (4),7.32821,0.450092,1567.9
86,C C 7 A (1),7.12073,1.02467,1576.6
875,C C 7 A (2),7.11198,1.02314,1576.7
873,C C 7 A (3),7.10873,1.02588,1576.8
401,C C 7 A (4),7.09965,1.02407,1576.9
465,R C 7 A (1),7.06098,0.441468,1577.6
316,R C 7 A (2),6.91853,0.437738,1577.7
491,R C 7 A (3),6.77834,0.433774,1577.8
845,R C 7 A (4),6.64039,0.4306,1577.9
1304,R R 7 A (1),6.52194,0.455833,1587.6
948,R R 7 A (2),6.42433,0.452578,1587.7
1012,R R 7 A (3),6.32638,0.448566,1587.8
623,R R 7 A (4),6.22955,0.446136,1587.9
898,S S S A (1),5.75401,2.28449,1665.6
1277,S S S A (2),5.74835,2.28373,1665.7
1275,S S S A (3),5.74617,2.2838,1665.8
788,S S S A (4),5.75352,2.28311,1665.9
377,C S S A (1),5.75226,0.929365,1666.6
291,C S S A (2),5.74443,0.925251,1666.7
634,C S S A (3),5.7359,0.926017,1666.8
956,C S S A (4),5.73121,0.927479,1666.9
227,R S S A (1),5.72577,0.654909,1667.6
537,R S S A (2),5.71243,0.653119,1667.7
440,R S S A (3),5.6971,0.651051,1667.8
331,R S S A (4),5.68393,0.653082,1667.9
1151,C C S A (1),5.56801,0.914593,1676.6
1110,C C S A (2),5.56046,0.913443,1676.7
913,C C S A (3),5.55416,0.911918,1676.8
69,C C S A (4),5.54515,0.911771,1676.9
967,R C S A (1),5.51283,0.392976,1677.6
269,R C S A (2),5.39003,0.389658,1677.7
564,R C S A (3),5.26749,0.38631,1677.8
821,R C S A (4),5.14756,0.381731,1677.9
887,R R S A (1),5.04525,0.402489,1687.6
592,R R S A (2),4.9597,0.400931,1687.7
1170,R R S A (3),4.87585,0.397404,1687.8
997,R R S A (4),4.79297,0.393665,1687.9
345,C C C A (1),4.59828,2.0601,1776.6
724,C C C A (2),4.59004,2.05043,1776.7
728,C C C A (3),4.59524,2.05071,1776.8
334,C C C A (4),4.60238,2.05099,1776.9
754,R C C A (1),4.59587,0.590054,1777.6
751,R C C A (2),4.57979,0.58857,1777.7
655,R C C A (3),4.57045,0.588152,1777.8
867,R C C A (4),4.55746,0.587543,1777.9
619,R R C A (1),4.4926,0.381613,1787.6
1068,R R C A (2),4.41141,0.379374,1787.7
799,R R C A (3),4.33114,0.375845,1787.8
927,R R C A (4),4.25248,0.372311,1787.9
105,R R R A (1),4.19835,0.522809,1887.6
384,R R R A (2),4.18024,0.521744,1887.7
292,R R R A (3),4.16438,0.520844,1887.8
636,R R R A (4),4.14655,0.520702,1887.9
755,4 4 4 4 (1),2.44328,9.73708,2221.6
1033,4 4 4 4 (2),2.4219,9.77857,2221.7
421,4 4 4 4 (3),2.4564,9.7528,2221.8
807,4 4 4 4 (4),2.42933,9.73388,2221.9
628,5 4 4 4 (1),2.42789,2.14138,2222.6
1144,5 4 4 4 (2),2.42892,2.1414,2222.7
467,5 4 4 4 (3),2.42323,2.14547,2222.8
189,5 4 4 4 (4),2.42525,2.14573,2222.9
1214,6 4 4 4 (1),2.42704,2.14589,2223.6
343,6 4 4 4 (2),2.42742,2.14417,2223.7
882,6 4 4 4 (3),2.42878,2.14426,2223.8
552,6 4 4 4 (4),2.43374,2.14873,2223.9
1082,7 4 4 4 (1),2.42953,2.14248,2224.6
1126,7 4 4 4 (2),2.42835,2.14725,2224.7
839,7 4 4 4 (3),2.42548,2.14111,2224.8
776,7 4 4 4 (4),2.42262,2.14314,2224.9
286,S 4 4 4 (1),2.43167,2.14174,2225.6
828,S 4 4 4 (2),2.42353,2.14638,2225.7
711,S 4 4 4 (3),2.43373,2.14727,2225.8
824,S 4 4 4 (4),2.4345,2.14579,2225.9
963,C 4 4 4 (1),2.42638,2.14109,2226.6
268,C 4 4 4 (2),2.435,2.15366,2226.7
563,C 4 4 4 (3),2.43947,2.14455,2226.8
740,C 4 4 4 (4),2.433,2.14496,2226.9
795,R 4 4 4 (1),2.42913,1.50487,2227.6
306,R 4 4 4 (2),2.423,1.50523,2227.7
525,R 4 4 4 (3),2.42792,1.50888,2227.8
1274,R 4 4 4 (4),2.43189,1.51428,2227.9
647,5 5 4 4 (1),2.43283,1.42344,2232.6
609,5 5 4 4 (2),2.42873,1.42377,2232.7
1299,5 5 4 4 (3),2.42853,1.42036,2232.8
386,5 5 4 4 (4),2.42661,1.422,2232.9
694,6 5 4 4 (1),2.4271,0.868703,2233.6
678,6 5 4 4 (2),2.4292,0.867965,2233.7
1001,6 5 4 4 (3),2.42796,0.867479,2233.8
223,6 5 4 4 (4),2.42686,0.868204,2233.9
1120,7 5 4 4 (1),2.42769,0.867265,2234.6
979,7 5 4 4 (2),2.42427,0.869201,2234.7
943,7 5 4 4 (3),2.42432,0.866112,2234.8
1262,7 5 4 4 (4),2.42402,0.865675,2234.9
472,S 5 4 4 (1),2.42231,0.866704,2235.6
730,S 5 4 4 (2),2.42014,0.864738,2235.7
450,S 5 4 4 (3),2.42107,0.867197,2235.8
198,S 5 4 4 (4),2.41954,0.865877,2235.9
985,C 5 4 4 (1),2.41558,0.867028,2236.6
459,C 5 4 4 (2),2.41697,0.867505,2236.7
1174,C 5 4 4 (3),2.41081,0.863544,2236.8
996,C 5 4 4 (4),2.41109,0.865681,2236.9
444,R 5 4 4 (1),2.41411,0.612178,2237.6
154,R 5 4 4 (2),2.41081,0.611547,2237.7
371,R 5 4 4 (3),2.40863,0.612397,2237.8
957,R 5 4 4 (4),2.40506,0.60958,2237.9
739,6 6 4 4 (1),2.39416,1.41535,2243.6
1137,6 6 4 4 (2),2.39767,1.40993,2243.7
699,6 6 4 4 (3),2.40212,1.41576,2243.8
961,6 6 4 4 (4),2.39813,1.41291,2243.9
904,7 6 4 4 (1),2.39506,0.864452,2244.6
1205,7 6 4 4 (2),2.39539,0.862723,2244.7
400,7 6 4 4 (3),2.39479,0.862361,2244.8
1017,7 6 4 4 (4),2.39191,0.861834,2244.9
310,S 6 4 4 (1),2.39475,0.862787,2245.6
492,S 6 4 4 (2),2.39214,0.861321,2245.7
844,S 6 4 4 (3),2.38914,0.861103,2245.8
1159,S 6 4 4 (4),2.38764,0.862888,2245.9
362,C 6 4 4 (1),2.38537,0.861973,2246.6
599,C 6 4 4 (2),2.38619,0.862066,2246.7
389,C 6 4 4 (3),2.38438,0.861209,2246.8
1040,C 6 4 4 (4),2.38358,0.860637,2246.9
502,R 6 4 4 (1),2.38274,0.608232,2247.6
428,R 6 4 4 (2),2.38108,0.606975,2247.7
895,R 6 4 4 (3),2.37893,0.607662,2247.8
1279,R 6 4 4 (4),2.37531,0.606809,2247.9
1097,7 7 4 4 (1),2.37029,1.40535,2254.6
900,7 7 4 4 (2),2.36794,1.40365,2254.7
756,7 7 4 4 (3),2.36794,1.40193,2254.8
1034,7 7 4 4 (4),2.3651,1.40527,2254.9
950,S 7 4 4 (1),2.36974,0.858936,2255.6
1011,S 7 4 4 (2),2.36959,0.859029,2255.7
627,S 7 4 4 (3),2.3674,0.857363,2255.8
1146,S 7 4 4 (4),2.36618,0.857311,2255.9
351,C 7 4 4 (1),2.36335,0.857256,2256.6
763,C 7 4 4 (2),2.36369,0.859493,2256.7
1215,C 7 4 4 (3),2.36471,0.856421,2256.8
344,C 7 4 4 (4),2.35873,0.856918,2256.9
1243,R 7 4 4 (1),2.36068,0.606263,2257.6
934,R 7 4 4 (2),2.35815,0.604419,2257.7
1083,R 7 4 4 (3),2.35421,0.603609,2257.8
1127,R 7 4 4 (4),2.35368,0.604302,2257.9
610,S S 4 4 (1),2.34602,1.39722,2265.6
119,S S 4 4 (2),2.34621,1.39685,2265.7
648,S S 4 4 (3),2.34613,1.39856,2265.8
608,S S 4 4 (4),2.34349,1.39721,2265.9
1189,C S 4 4 (1),2.34495,0.854906,2266.6
278,C S 4 4 (2),2.34357,0.85343,2266.7
693,C S 4 4 (3),2.34478,0.853588,2266.8
677,C S 4 4 (4),2.34405,0.854495,2266.9
146,R S 4 4 (1),2.34194,0.602542,2267.6
1063,R S 4 4 (2),2.33737,0.601672,2267.7
1121,R S 4 4 (3),2.33733,0.602507,2267.8
980,R S 4 4 (4),2.3328,0.601138,2267.9
200,C C 4 4 (1),2.32902,1.39379,2276.6
188,C C 4 4 (2),2.32903,1.3961,2276.7
738,C C 4 4 (3),2.3315,1.39498,2276.8
1136,C C 4 4 (4),2.32638,1.39057,2276.9
774,R C 4 4 (1),2.33044,0.600235,2277.6
971,R C 4 4 (2),2.32667,0.601515,2277.7
905,R C 4 4 (3),2.32544,0.600805,2277.8
1206,R C 4 4 (4),2.32227,0.601384,2277.9
1128,R R 4 4 (1),2.31854,0.643726,2287.6
152,R R 4 4 (2),2.31923,0.642274,2287.7
1096,R R 4 4 (3),2.31809,0.641463,2287.8
901,R R 4 4 (4),2.31519,0.641979,2287.9
102,5 5 5 4 (1),2.1042,2.00328,2332.6
857,5 5 5 4 (2),2.09568,1.99856,2332.7
889,5 5 5 4 (3),2.10264,1.99935,2332.8
365,5 5 5 4 (4),2.10609,2.00508,2332.9
181,6 5 5 4 (1),2.10019,0.808813,2333.6
1229,6 5 5 4 (2),2.09923,0.809666,2333.7
791,6 5 5 4 (3),2.09965,0.808298,2333.8
1079,6 5 5 4 (4),2.0995,0.80885,2333.9
992,7 5 5 4 (1),2.09532,0.808641,2334.6
1300,7 5 5 4 (2),2.09628,0.806944,2334.7
953,7 5 5 4 (3),2.09369,0.805411,2334.8
1008,7 5 5 4 (4),2.09341,0.807816,2334.9
1267,S 5 5 4 (1),2.09235,0.806485,2335.6
433,S 5 5 4 (2),2.09074,0.808934,2335.7
330,S 5 5 4 (3),2.09176,0.806273,2335.8
1186,S 5 5 4 (4),2.09208,0.805463,2335.9
975,C 5 5 4 (1),2.08781,0.805129,2336.6
519,C 5 5 4 (2),2.08902,0.807419,2336.7
797,C 5 5 4 (3),2.08722,0.806098,2336.8
930,C 5 5 4 (4),2.08655,0.806931,2336.9
60,R 5 5 4 (1),2.08581,0.569927,2337.6
783,R 5 5 4 (2),2.08296,0.569316,2337.7
1093,R 5 5 4 (3),2.07936,0.569796,2337.8
1181,R 5 5 4 (4),2.07681,0.568731,2337.9
1257,6 6 5 4 (1),2.03596,0.797218,2343.6
1319,6 6 5 4 (2),2.03002,0.793724,2343.7
1196,6 6 5 4 (3),2.02903,0.795726,2343.8
1250,6 6 5 4 (4),2.03013,0.796106,2343.9
6,7 6 5 4 (1),2.02387,0.486033,2344.6
1045,7 6 5 4 (2),2.01349,0.486141,2344.7
411,7 6 5 4 (3),2.00482,0.483427,2344.8
244,7 6 5 4 (4),1.99669,0.483045,2344.9
1087,S 6 5 4 (1),1.98693,0.481765,2345.6
546,S 6 5 4 (2),1.9777,0.480515,2345.7
819,S 6 5 4 (3),1.96777,0.479677,2345.8
1074,S 6 5 4 (4),1.96032,0.478852,2345.9
1203,C 6 5 4 (1),1.95073,0.476254,2346.6
1165,C 6 5 4 (2),1.94108,0.475998,2346.7
216,C 6 5 4 (3),1.93431,0.476008,2346.8
1060,C 6 5 4 (4),1.923,0.473668,2346.9
772,R 6 5 4 (1),1.91544,0.334654,2347.6
1037,R 6 5 4 (2),1.89411,0.332544,2347.7
1113,R 6 5 4 (3),1.87406,0.331286,2347.8
1290,R 6 5 4 (4),1.85368,0.329037,2347.9
130,7 7 5 4 (1),1.79989,0.749195,2354.6
1284,7 7 5 4 (2),1.80013,0.749409,2354.7
1178,7 7 5 4 (3),1.79873,0.749137,2354.8
235,7 7 5 4 (4),1.79638,0.748404,2354.9
22,S 7 5 4 (1),1.79145,0.457835,2355.6
566,S 7 5 4 (2),1.78328,0.457798,2355.7
510,S 7 5 4 (3),1.77464,0.455934,2355.8
696,S 7 5 4 (4),1.76661,0.454696,2355.9
64,C 7 5 4 (1),1.7587,0.45384,2356.6
811,C 7 5 4 (2),1.74799,0.452806,2356.7
1052,C 7 5 4 (3),1.74022,0.451239,2356.8
1106,C 7 5 4 (4),1.73292,0.451003,2356.9
53,R 7 5 4 (1),1.72271,0.317515,2357.6
192,R 7 5 4 (2),1.70374,0.315766,2357.7
1223,R 7 5 4 (3),1.68309,0.313956,2357.8
915,R 7 5 4 (4),1.66337,0.312172,2357.9
122,S S 5 4 (1),1.62515,0.713436,2365.6
708,S S 5 4 (2),1.62492,0.713847,2365.7
103,S S 5 4 (3),1.62264,0.714106,2365.8
858,S S 5 4 (4),1.62379,0.71502,2365.9
95,C S 5 4 (1),1.61697,0.436167,2366.6
1142,C S 5 4 (2),1.60836,0.434698,2366.7
182,C S 5 4 (3),1.60098,0.433624,2366.8
1230,C S 5 4 (4),1.59306,0.433689,2366.9
1294,R S 5 4 (1),1.58416,0.304405,2367.6
325,R S 5 4 (2),1.56494,0.303168,2367.7
993,R S 5 4 (3),1.5454,0.301068,2367.8
1301,R S 5 4 (4),1.52672,0.298623,2367.9
812,C C 5 4 (1),1.50041,0.686922,2376.6
944,C C 5 4 (2),1.4986,0.685113,2376.7
1256,C C 5 4 (3),1.499,0.684965,2376.8
1318,C C 5 4 (4),1.49838,0.686033,2376.9
3,R C 5 4 (1),1.49317,0.295622,2377.6
12,R C 5 4 (2),1.47421,0.293064,2377.7
5,R C 5 4 (3),1.45549,0.292596,2377.8
1046,R C 5 4 (4),1.43672,0.290034,2377.9
1077,R R 5 4 (1),1.4217,0.30852,2387.6
1308,R R 5 4 (2),1.40859,0.308173,2387.7
131,R R 5 4 (3),1.3952,0.305766,2387.8
1285,R R 5 4 (4),1.38251,0.30449,2387.9
1015,6 6 6 4 (1),1.20797,1.52245,2443.6
630,6 6 6 4 (2),1.21774,1.52835,2443.7
613,6 6 6 4 (3),1.21962,1.5293,2443.8
374,6 6 6 4 (4),1.21463,1.52603,2443.9
35,7 6 6 4 (1),1.2155,0.618227,2444.6
1212,7 6 6 4 (2),1.21458,0.616579,2444.7
332,7 6 6 4 (3),1.21127,0.616495,2444.8
885,7 6 6 4 (4),1.21286,0.618935,2444.9
1263,S 6 6 4 (1),1.21182,0.617136,2445.6
652,S 6 6 4 (2),1.21122,0.617345,2445.7
870,S 6 6 4 (3),1.21006,0.616825,2445.8
838,S 6 6 4 (4),1.2085,0.618344,2445.9
145,C 6 6 4 (1),1.20976,0.616322,2446.6
279,C 6 6 4 (2),1.2083,0.615974,2446.7
834,C 6 6 4 (3),1.20803,0.615607,2446.8
714,C 6 6 4 (4),1.20609,0.616085,2446.9
161,R 6 6 4 (1),1.20536,0.434049,2447.6
528,R 6 6 4 (2),1.204,0.434022,2447.7
275,R 6 6 4 (3),1.20206,0.435283,2447.8
561,R 6 6 4 (4),1.19961,0.433517,2447.9
683,7 7 6 4 (1),1.17335,0.607014,2454.6
692,7 7 6 4 (2),1.17381,0.607514,2454.7
674,7 7 6 4 (3),1.17182,0.607148,2454.8
172,7 7 6 4 (4),1.17139,0.606872,2454.9
1114,S 7 6 4 (1),1.16717,0.371022,2455.6
556,S 7 6 4 (2),1.16123,0.369037,2455.7
213,S 7 6 4 (3),1.15419,0.368794,2455.8
938,S 7 6 4 (4),1.14845,0.368453,2455.9
1280,C 7 6 4 (1),1.14075,0.365343,2456.6
476,C 7 6 4 (2),1.13416,0.365576,2456.7
735,C 7 6 4 (3),1.12904,0.363959,2456.8
454,C 7 6 4 (4),1.12052,0.363443,2456.9
1219,R 7 6 4 (1),1.11418,0.256085,2457.6
984,R 7 6 4 (2),1.09933,0.253472,2457.7
458,R 7 6 4 (3),1.08396,0.252556,2457.8
1169,R 7 6 4 (4),1.06935,0.251059,2457.9
83,S S 6 4 (1),1.03968,0.571884,2465.6
876,S S 6 4 (2),1.03892,0.572207,2465.7
874,S S 6 4 (3),1.03729,0.572606,2465.8
399,S S 6 4 (4),1.03734,0.571676,2465.9
17,C S 6 4 (1),1.03233,0.349112,2466.6
317,C S 6 4 (2),1.02781,0.348681,2466.7
490,C S 6 4 (3),1.02115,0.346719,2466.8
843,C S 6 4 (4),1.01384,0.345734,2466.9
117,R S 6 4 (1),1.00801,0.243463,2467.6
360,R S 6 4 (2),0.993096,0.241894,2467.7
597,R S 6 4 (3),0.979255,0.240416,2467.8
391,R S 6 4 (4),0.964478,0.238218,2467.9
1306,C C 6 4 (1),0.943999,0.545463,2476.6
947,C C 6 4 (2),0.943799,0.544651,2476.7
1014,C C 6 4 (3),0.943385,0.544699,2476.8
629,C C 6 4 (4),0.94166,0.544391,2476.9
89,R C 6 4 (1),0.938721,0.235303,2477.6
127,R C 6 4 (2),0.924951,0.233511,2477.7
37,R C 6 4 (3),0.910541,0.231445,2477.8
1213,R C 6 4 (4),0.897114,0.230062,2477.9
80,R R 6 4 (1),0.884794,0.24485,2487.6
1190,R R 6 4 (2),0.874112,0.242923,2487.7
682,R R 6 4 (3),0.865211,0.241796,2487.8
691,R R 6 4 (4),0.855565,0.240167,2487.9
1100,7 7 7 4 (1),0.769813,1.2177,2554.6
1056,7 7 7 4 (2),0.772853,1.21966,2554.7
826,7 7 7 4 (3),0.768372,1.2167,2554.8
789,7 7 7 4 (4),0.770169,1.21588,2554.9
381,S 7 7 4 (1),0.772208,0.494702,2555.6
295,S 7 7 4 (2),0.771482,0.493422,2555.7
635,S 7 7 4 (3),0.769991,0.492371,2555.8
952,S 7 7 4 (4),0.770287,0.492307,2555.9
231,C 7 7 4 (1),0.76884,0.494336,2556.6
538,C 7 7 4 (2),0.768959,0.49422,2556.7
435,C 7 7 4 (3),0.767032,0.491987,2556.8
327,C 7 7 4 (4),0.768979,0.49292,2556.9
1258,R 7 7 4 (1),0.767608,0.347325,2557.6
299,R 7 7 4 (2),0.766259,0.347929,2557.7
520,R 7 7 4 (3),0.763799,0.347034,2557.8
801,R 7 7 4 (4),0.762947,0.346951,2557.9
1154,S S 7 4 (1),0.74606,0.48609,2565.6
1108,S S 7 4 (2),0.745478,0.484842,2565.7
911,S S 7 4 (3),0.74583,0.484323,2565.8
410,S S 7 4 (4),0.745305,0.484791,2565.9
966,C S 7 4 (1),0.741547,0.296003,2566.6
257,C S 7 4 (2),0.736054,0.294914,2566.7
549,C S 7 4 (3),0.730585,0.294709,2566.8
817,C S 7 4 (4),0.725461,0.293263,2566.9
45,R S 7 4 (1),0.720571,0.206721,2567.6
508,R S 7 4 (2),0.708689,0.204957,2567.7
1162,R S 7 4 (3),0.696569,0.202939,2567.8
219,R S 7 4 (4),0.684245,0.200907,2567.9
888,C C 7 4 (1),0.668233,0.460973,2576.6
590,C C 7 4 (2),0.667988,0.459503,2576.7
412,C C 7 4 (3),0.666855,0.459149,2576.8
505,C C 7 4 (4),0.666728,0.458506,2576.9
1029,R C 7 4 (1),0.662314,0.197939,2577.6
422,R C 7 4 (2),0.651171,0.196434,2577.7
805,R C 7 4 (3),0.639869,0.194743,2577.8
1047,R C 7 4 (4),0.62769,0.192651,2577.9
1089,R R 7 4 (1),0.618696,0.204565,2587.6
925,R R 7 4 (2),0.6112,0.203344,2587.7
1101,R R 7 4 (3),0.602335,0.201616,2587.8
1055,R R 7 4 (4),0.594667,0.200306,2587.9
346,S S S 4 (1),0.556285,1.035,2665.6
723,S S S 4 (2),0.551343,1.03364,2665.7
726,S S S 4 (3),0.556855,1.03695,2665.8
337,S S S 4 (4),0.55533,1.03581,2665.9
1251,C S S 4 (1),0.554037,0.419433,2666.6
749,C S S 4 (2),0.554545,0.418888,2666.7
657,C S S 4 (3),0.553732,0.417885,2666.8
868,C S S 4 (4),0.552463,0.418408,2666.9
253,R S S 4 (1),0.551494,0.295406,2667.6
586,R S S 4 (2),0.550408,0.295368,2667.7
289,R S S 4 (3),0.550098,0.294792,2667.8
829,R S S 4 (4),0.548202,0.294291,2667.9
617,C C S 4 (1),0.536518,0.412871,2676.6
1069,C C S 4 (2),0.538654,0.413212,2676.7
555,C C S 4 (3),0.53713,0.41239,2676.8
211,C C S 4 (4),0.535893,0.412402,2676.9
242,R C S 4 (1),0.533988,0.177855,2677.6
720,R C S 4 (2),0.523327,0.176183,2677.7
473,R C S 4 (3),0.513195,0.174096,2677.8
732,R C S 4 (4),0.502233,0.172913,2677.9
615,R R S 4 (1),0.493384,0.182408,2687.6
464,R R S 4 (2),0.486584,0.181559,2687.7
312,R R S 4 (3),0.478824,0.179892,2687.8
493,R R S 4 (4),0.471311,0.179127,2687.9
796,C C C 4 (1),0.453501,0.935794,2776.6
378,C C C 4 (2),0.451643,0.935454,2776.7
296,C C C 4 (3),0.454582,0.940107,2776.8
638,C C C 4 (4),0.453592,0.934806,2776.9
173,R C C 4 (1),0.454515,0.267956,2777.6
232,R C C 4 (2),0.453906,0.268239,2777.7
540,R C C 4 (3),0.453326,0.267375,2777.8
441,R C C 4 (4),0.451327,0.267319,2777.9
432,R R C 4 (1),0.445991,0.17347,2787.6
964,R R C 4 (2),0.438285,0.172303,2787.7
267,R R C 4 (3),0.431529,0.171127,2787.8
562,R R C 4 (4),0.424962,0.169734,2787.9
78,R R R 4 (1),0.419776,0.238973,2887.6
31,R R R 4 (2),0.419215,0.238337,2887.7
746,R R R 4 (3),0.41737,0.237776,2887.8
654,R R R 4 (4),0.414987,0.237015,2887.9
28,5 5 5 5 (1),0.218743,2.95349,3332.6
622,5 5 5 5 (2),0.213386,2.88998,3332.7
1139,5 5 5 5 (3),0.210941,2.83134,3332.8
470,5 5 5 5 (4),0.216781,2.943,3332.9
38,6 5 5 5 (1),0.21583,0.647486,3333.6
1216,6 5 5 5 (2),0.217417,0.64861,3333.7
335,6 5 5 5 (3),0.215727,0.647768,3333.8
1265,6 5 5 5 (4),0.214729,0.647404,3333.9
935,7 5 5 5 (1),0.216502,0.646042,3334.6
1084,7 5 5 5 (2),0.215933,0.646447,3334.7
865,7 5 5 5 (3),0.216942,0.647577,3334.8
835,7 5 5 5 (4),0.214649,0.644821,3334.9
580,S 5 5 5 (1),0.214209,0.644678,3335.6
288,S 5 5 5 (2),0.215838,0.645861,3335.7
832,S 5 5 5 (3),0.218228,0.651661,3335.8
712,S 5 5 5 (4),0.216799,0.649323,3335.9
663,C 5 5 5 (1),0.214697,0.644102,3336.6
531,C 5 5 5 (2),0.218122,0.650563,3336.7
271,C 5 5 5 (3),0.215348,0.644945,3336.8
559,C 5 5 5 (4),0.215831,0.648085,3336.9
859,R 5 5 5 (1),0.21556,0.45448,3337.6
794,R 5 5 5 (2),0.216573,0.457412,3337.7
303,R 5 5 5 (3),0.214769,0.453989,3337.8
526,R 5 5 5 (4),0.217218,0.456882,3337.9
685,6 6 5 5 (1),0.215476,0.428172,3343.6
687,6 6 5 5 (2),0.215754,0.428638,3343.7
670,6 6 5 5 (3),0.215775,0.428291,3343.8
1003,6 6 5 5 (4),0.21611,0.427858,3343.9
1071,7 6 5 5 (1),0.216138,0.262037,3344.6
1118,7 6 5 5 (2),0.215918,0.261977,3344.7
214,7 6 5 5 (3),0.214984,0.26136,3344.8
942,7 6 5 5 (4),0.215126,0.261228,3344.9
722,S 6 5 5 (1),0.214859,0.260983,3345.6
474,S 6 5 5 (2),0.214931,0.261618,3345.7
737,S 6 5 5 (3),0.215699,0.261603,3345.8
1201,S 6 5 5 (4),0.214291,0.260718,3345.9
482,C 6 5 5 (1),0.215673,0.262338,3346.6
988,C 6 5 5 (2),0.21412,0.260306,3346.7
457,C 6 5 5 (3),0.214628,0.260894,3346.8
1173,C 6 5 5 (4),0.213972,0.260805,3346.9
573,R 6 5 5 (1),0.213488,0.183789,3347.6
442,R 6 5 5 (2),0.213353,0.183363,3347.7
157,R 6 5 5 (3),0.2121,0.183213,3347.8
369,R 6 5 5 (4),0.21278,0.183278,3347.9
84,7 7 5 5 (1),0.211384,0.424185,3354.6
907,7 7 5 5 (2),0.211921,0.424729,3354.7
872,7 7 5 5 (3),0.212021,0.42422,3354.8
397,7 7 5 5 (4),0.212544,0.425518,3354.9
463,S 7 5 5 (1),0.211209,0.258657,3355.6
314,S 7 5 5 (2),0.210582,0.25882,3355.7
494,S 7 5 5 (3),0.209957,0.25872,3355.8
841,S 7 5 5 (4),0.210135,0.258664,3355.9
892,C 7 5 5 (1),0.21072,0.258973,3356.6
364,C 7 5 5 (2),0.210395,0.25885,3356.7
602,C 7 5 5 (3),0.209578,0.257992,3356.8
390,C 7 5 5 (4),0.209524,0.258187,3356.9
1234,R 7 5 5 (1),0.209539,0.18186,3357.6
499,R 7 5 5 (2),0.209518,0.182236,3357.7
427,R 7 5 5 (3),0.208781,0.18218,3357.8
896,R 7 5 5 (4),0.20785,0.181559,3357.9
1305,S S 5 5 (1),0.208135,0.421444,3365.6
951,S S 5 5 (2),0.207733,0.4199,3365.7
29,S S 5 5 (3),0.208784,0.421455,3365.8
621,S S 5 5 (4),0.205974,0.41787,3365.9
667,C S 5 5 (1),0.207352,0.257393,3366.6
350,C S 5 5 (2),0.207738,0.256057,3366.7
39,C S 5 5 (3),0.206346,0.255999,3366.8
1217,C S 5 5 (4),0.207181,0.255883,3366.9
201,R S 5 5 (1),0.2064,0.180949,3367.6
1242,R S 5 5 (2),0.206493,0.18113,3367.7
936,R S 5 5 (3),0.205654,0.179946,3367.8
1085,R S 5 5 (4),0.205359,0.180556,3367.9
79,C C 5 5 (1),0.203185,0.416212,3376.6
1191,C C 5 5 (2),0.203871,0.416598,3376.7
684,C C 5 5 (3),0.203492,0.417013,3376.8
686,C C 5 5 (4),0.205134,0.41803,3376.9
82,R C 5 5 (1),0.204811,0.180343,3377.6
147,R C 5 5 (2),0.203644,0.179773,3377.7
1070,R C 5 5 (3),0.203564,0.179895,3377.8
1119,R C 5 5 (4),0.203258,0.180097,3377.9
1194,R R 5 5 (1),0.202621,0.19185,3387.6
775,R R 5 5 (2),0.202517,0.192052,3387.7
85,R R 5 5 (3),0.20213,0.191202,3387.8
908,R R 5 5 (4),0.201571,0.190864,3387.9
1102,6 6 6 5 (1),0.176424,0.58508,3443.6
1058,6 6 6 5 (2),0.175995,0.583564,3443.7
825,6 6 6 5 (3),0.175965,0.582304,3443.8
787,6 6 6 5 (4),0.174263,0.580711,3443.9
387,7 6 6 5 (1),0.17595,0.235744,3444.6
989,7 6 6 5 (2),0.175955,0.236289,3444.7
631,7 6 6 5 (3),0.176256,0.236887,3444.8
955,7 6 6 5 (4),0.175955,0.236558,3444.9
224,S 6 6 5 (1),0.175436,0.236111,3445.6
534,S 6 6 5 (2),0.175211,0.235925,3445.7
437,S 6 6 5 (3),0.175854,0.236115,3445.8
329,S 6 6 5 (4),0.17515,0.235557,3445.9
1261,C 6 6 5 (1),0.174453,0.23549,3446.6
297,C 6 6 5 (2),0.174727,0.235753,3446.7
522,C 6 6 5 (3),0.174962,0.235881,3446.8
210,C 6 6 5 (4),0.174617,0.235494,3446.9
197,R 6 6 5 (1),0.174065,0.166104,3447.6
186,R 6 6 5 (2),0.174207,0.166065,3447.7
784,R 6 6 5 (3),0.17371,0.165889,3447.8
1092,R 6 6 5 (4),0.173108,0.165565,3447.9
1153,7 7 6 5 (1),0.167487,0.2309,3454.6
1292,7 7 6 5 (2),0.166557,0.23008,3454.7
909,7 7 6 5 (3),0.167177,0.230348,3454.8
407,7 7 6 5 (4),0.166083,0.229985,3454.9
962,S 7 6 5 (1),0.165198,0.139955,3455.6
258,S 7 6 5 (2),0.163525,0.139531,3455.7
550,S 7 6 5 (3),0.162151,0.138935,3455.8
823,S 7 6 5 (4),0.160422,0.138226,3455.9
1016,C 7 6 5 (1),0.159128,0.137636,3456.6
506,C 7 6 5 (2),0.157543,0.136936,3456.7
1164,C 7 6 5 (3),0.156366,0.136408,3456.8
218,C 7 6 5 (4),0.155077,0.135798,3456.9
1158,R 7 6 5 (1),0.153182,0.0955516,3457.6
376,R 7 6 5 (2),0.150061,0.0943958,3457.7
1036,R 7 6 5 (3),0.146727,0.0936449,3457.8
1111,R 7 6 5 (4),0.143274,0.0922851,3457.9
886,S S 6 5 (1),0.137117,0.2086,3465.6
594,S S 6 5 (2),0.136378,0.208596,3465.7
415,S S 6 5 (3),0.136167,0.208332,3465.8
140,S S 6 5 (4),0.136551,0.208195,3465.9
1032,C S 6 5 (1),0.135171,0.126667,3466.6
420,C S 6 5 (2),0.13384,0.125922,3466.7
808,C S 6 5 (3),0.132583,0.125717,3466.8
1050,C S 6 5 (4),0.131135,0.124854,3466.9
1145,R S 6 5 (1),0.129681,0.0877766,3467.6
468,R S 6 5 (2),0.126754,0.0868481,3467.7
190,R S 6 5 (3),0.123403,0.0855611,3467.8
879,R S 6 5 (4),0.120484,0.0847154,3467.9
1090,C C 6 5 (1),0.116821,0.193024,3476.6
924,C C 6 5 (2),0.116563,0.192215,3476.7
1103,C C 6 5 (3),0.11624,0.192307,3476.8
1057,C C 6 5 (4),0.116122,0.19198,3476.9
607,R C 6 5 (1),0.11487,0.0826339,3477.6
1298,R C 6 5 (2),0.111924,0.0816042,3477.7
385,R C 6 5 (3),0.109117,0.080619,3477.8
990,R C 6 5 (4),0.106021,0.0794465,3477.9
158,R R 6 5 (1),0.103627,0.0838404,3487.6
914,R R 6 5 (2),0.101628,0.0830288,3487.7
1152,R R 6 5 (3),0.0996034,0.082364,3487.8
1293,R R 6 5 (4),0.0975279,0.0814912,3487.9
347,7 7 7 5 (1),0.0810792,0.396858,3554.6
40,7 7 7 5 (2),0.0809456,0.395524,3554.7
729,7 7 7 5 (3),0.0815842,0.398438,3554.8
333,7 7 7 5 (4),0.0807661,0.395365,3554.9
1249,S 7 7 5 (1),0.081236,0.16055,3555.6
748,S 7 7 5 (2),0.0808744,0.160327,3555.7
662,S 7 7 5 (3),0.0808062,0.160405,3555.8
871,S 7 7 5 (4),0.0816436,0.160655,3555.9
245,C 7 7 5 (1),0.0808365,0.159977,3556.6
584,C 7 7 5 (2),0.0809105,0.160388,3556.7
281,C 7 7 5 (3),0.0806393,0.16035,3556.8
831,C 7 7 5 (4),0.0804641,0.160089,3556.9
1073,R 7 7 5 (1),0.0803065,0.113043,3557.6
163,R 7 7 5 (2),0.0801916,0.112647,3557.7
529,R 7 7 5 (3),0.079822,0.112411,3557.8
274,R 7 7 5 (4),0.0795159,0.112217,3557.9
618,S S 7 5 (1),0.0764871,0.156137,3565.6
1072,S S 7 5 (2),0.0771687,0.156787,3565.7
553,S S 7 5 (3),0.0763751,0.155839,3565.8
206,S S 7 5 (4),0.0764485,0.155829,3565.9
236,C S 7 5 (1),0.0758139,0.0949713,3566.6
721,C S 7 5 (2),0.0751196,0.0945568,3566.7
477,C S 7 5 (3),0.0737878,0.093738,3566.8
733,C S 7 5 (4),0.0728377,0.0933537,3566.9
695,R S 7 5 (1),0.0720549,0.0654377,3567.6
484,R S 7 5 (2),0.0698396,0.0644376,3567.7
983,R S 7 5 (3),0.0676113,0.063351,3567.8
460,R S 7 5 (4),0.0656915,0.0624428,3567.9
616,C C 7 5 (1),0.0628489,0.141518,3576.6
462,C C 7 5 (2),0.0624956,0.140463,3576.7
315,C C 7 5 (3),0.062353,0.140845,3576.8
496,C C 7 5 (4),0.0620717,0.140536,3576.9
856,R C 7 5 (1),0.0617114,0.0606518,3577.6
890,R C 7 5 (2),0.0598398,0.059868,3577.7
366,R C 7 5 (3),0.0578019,0.0585528,3577.8
600,R C 7 5 (4),0.0556742,0.0575816,3577.9
780,R R 7 5 (1),0.0539984,0.0606511,3587.6
669,R R 7 5 (2),0.0528289,0.0600829,3587.7
348,R R 7 5 (3),0.0513968,0.0591115,3587.8
41,R R 7 5 (4),0.050149,0.0583995,3587.9
106,S S S 5 (1),0.0436557,0.291919,3665.6
379,S S S 5 (2),0.0441347,0.293142,3665.7
294,S S S 5 (3),0.0437946,0.29243,3665.8
632,S S S 5 (4),0.0433323,0.290054,3665.9
171,C S S 5 (1),0.0437444,0.117853,3666.6
233,C S S 5 (2),0.0432144,0.117291,3666.7
541,C S S 5 (3),0.043553,0.117483,3666.8
439,C S S 5 (4),0.0433897,0.117345,3666.9
937,R S S 5 (1),0.0432007,0.0827938,3667.6
918,R S S 5 (2),0.0430666,0.0826854,3667.7
301,R S S 5 (3),0.0427297,0.0823466,3667.8
523,R S S 5 (4),0.0426485,0.082311,3667.9
431,C C S 5 (1),0.0411317,0.114317,3676.6
968,C C S 5 (2),0.0413986,0.114626,3676.7
255,C C S 5 (3),0.0409364,0.114208,3676.8
551,C C S 5 (4),0.0410955,0.114509,3676.9
398,R C S 5 (1),0.0405823,0.0491135,3677.6
571,R C S 5 (2),0.0389553,0.0481455,3677.7
512,R C S 5 (3),0.0372399,0.0471177,3677.8
1163,R C S 5 (4),0.0357455,0.0461722,3677.9
98,R R S 5 (1),0.034506,0.0484962,3687.6
578,R R S 5 (2),0.0334742,0.0476203,3687.7
417,R R S 5 (3),0.032364,0.0468452,3687.8
806,R R S 5 (4),0.0313059,0.0461839,3687.9
168,C C C 5 (1),0.0286794,0.235387,3776.6
752,C C C 5 (2),0.0284457,0.234909,3776.7
745,C C C 5 (3),0.028998,0.236927,3776.8
653,C C C 5 (4),0.0287722,0.235612,3776.9
409,R C C 5 (1),0.0288841,0.0676482,3777.6
249,R C C 5 (2),0.0285227,0.0675863,3777.7
588,R C C 5 (3),0.0286741,0.0675379,3777.8
287,R C C 5 (4),0.028547,0.0674093,3777.9
972,R R C 5 (1),0.0276781,0.0435412,3787.6
238,R R C 5 (2),0.0267081,0.0426206,3787.7
718,R R C 5 (3),0.02567,0.04181,3787.8
480,R R C 5 (4),0.0246569,0.0409601,3787.9
707,R R R 5 (1),0.024145,0.0572784,3887.6
175,R R R 5 (2),0.0239704,0.0570121,3887.7
226,R R R 5 (3),0.0236703,0.0567682,3887.8
535,R R R 5 (4),0.0233223,0.0563663,3887.9
352,6 6 6 6 (1),0.0116681,0.668918,4443.6
764,6 6 6 6 (2),0.00840158,0.54961,4443.7
725,6 6 6 6 (3),0.0103664,0.639812,4443.8
338,6 6 6 6 (4),0.00974085,0.587901,4443.9
1246,7 6 6 6 (1),0.0107372,0.144529,4444.6
932,7 6 6 6 (2),0.0105215,0.142565,4444.7
661,7 6 6 6 (3),0.0101826,0.141003,4444.8
864,7 6 6 6 (4),0.00994524,0.139465,4444.9
246,S 6 6 6 (1),0.00946747,0.135104,4445.6
583,S 6 6 6 (2),0.0104359,0.142944,4445.7
285,S 6 6 6 (3),0.0100941,0.140039,4445.8
827,S 6 6 6 (4),0.0100796,0.139555,4445.9
261,C 6 6 6 (1),0.00959496,0.136129,4446.6
159,C 6 6 6 (2),0.00990001,0.138266,4446.7
530,C 6 6 6 (3),0.0100347,0.139469,4446.8
272,C 6 6 6 (4),0.0101638,0.140384,4446.9
516,R 6 6 6 (1),0.00982527,0.0974649,4447.6
32,R 6 6 6 (2),0.010034,0.0982283,4447.7
793,R 6 6 6 (3),0.0101058,0.0983355,4447.8
304,R 6 6 6 (4),0.0101229,0.0984758,4447.9
149,7 7 6 6 (1),0.00956914,0.0902396,4454.6
1065,7 7 6 6 (2),0.00994745,0.0920122,4454.7
554,7 7 6 6 (3),0.00988621,0.0917776,4454.8
209,7 7 6 6 (4),0.0103923,0.0940981,4454.9
239,S 7 6 6 (1),0.0101043,0.0566435,4455.6
719,S 7 6 6 (2),0.00992966,0.0561446,4455.7
481,S 7 6 6 (3),0.010047,0.0564805,4455.8
56,S 7 6 6 (4),0.0100005,0.0564116,4455.9
322,C 7 6 6 (1),0.00993607,0.0561144,4456.6
485,C 7 6 6 (2),0.00992592,0.0561261,4456.7
986,C 7 6 6 (3),0.0100945,0.0566015,4456.8
461,C 7 6 6 (4),0.0100594,0.0565733,4456.9
356,R 7 6 6 (1),0.00996059,0.0397824,4457.6
572,R 7 6 6 (2),0.00994442,0.039772,4457.7
443,R 7 6 6 (3),0.00984506,0.0394432,4457.8
156,R 7 6 6 (4),0.00972429,0.0393201,4457.9
614,S S 6 6 (1),0.00958177,0.090634,4465.6
466,S S 6 6 (2),0.00980274,0.0915052,4465.7
313,S S 6 6 (3),0.00942722,0.0897252,4465.8
1023,S S 6 6 (4),0.00993009,0.0920113,4465.9
309,C S 6 6 (1),0.00974966,0.055749,4466.6
894,C S 6 6 (2),0.00967724,0.0556468,4466.7
367,C S 6 6 (3),0.00950035,0.0550292,4466.8
595,C S 6 6 (4),0.00966339,0.0554777,4466.9
124,R S 6 6 (1),0.0095543,0.0389659,4467.6
1232,R S 6 6 (2),0.0094604,0.0386696,4467.7
501,R S 6 6 (3),0.00957244,0.0390264,4467.8
426,R S 6 6 (4),0.00943886,0.0386927,4467.9
779,C C 6 6 (1),0.00950929,0.0899721,4476.6
668,C C 6 6 (2),0.00926595,0.089071,4476.7
353,C C 6 6 (3),0.00935719,0.0891428,4476.8
765,C C 6 6 (4),0.00954791,0.0901438,4476.9
1177,R C 6 6 (1),0.00946455,0.0388062,4477.6
204,R C 6 6 (2),0.00923538,0.0382062,4477.7
1247,R C 6 6 (3),0.00933676,0.0384026,4477.8
933,R C 6 6 (4),0.00927412,0.0383481,4477.9
176,R R 6 6 (1),0.00921606,0.0408755,4487.6
81,R R 6 6 (2),0.00908221,0.0406678,4487.7
148,R R 6 6 (3),0.00907367,0.0406325,4487.8
1064,R R 6 6 (4),0.00913273,0.0407027,4487.9
877,7 7 7 6 (1),0.00747117,0.120449,4554.6
383,7 7 7 6 (2),0.00744763,0.12047,4554.7
293,7 7 7 6 (3),0.00768321,0.122285,4554.8
633,7 7 7 6 (4),0.00746562,0.12145,4554.9
1002,S 7 7 6 (1),0.00741359,0.0488049,4555.6
225,S 7 7 6 (2),0.00740417,0.0485389,4555.7
542,S 7 7 6 (3),0.00734652,0.0483814,4555.8
438,S 7 7 6 (4),0.00739696,0.0485248,4555.9
941,C 7 7 6 (1),0.00734986,0.0483667,4556.6
921,C 7 7 6 (2),0.00737207,0.0485676,4556.7
27,C 7 7 6 (3),0.00720849,0.0479208,4556.8
1286,C 7 7 6 (4),0.00740308,0.0486959,4556.9
1202,R 7 7 6 (1),0.00739,0.0342749,4557.6
195,R 7 7 6 (2),0.00724398,0.0339033,4557.7
184,R 7 7 6 (3),0.00725515,0.0339326,4557.8
782,R 7 7 6 (4),0.00729801,0.0340499,4557.9
430,S S 7 6 (1),0.00666135,0.0460874,4565.6
969,S S 7 6 (2),0.00669277,0.0460585,4565.7
256,S S 7 6 (3),0.00679556,0.0464585,4565.8
645,S S 7 6 (4),0.0066557,0.0460956,4565.9
396,C S 7 6 (1),0.0064847,0.0277557,4566.6
569,C S 7 6 (2),0.00630512,0.0274854,4566.7
509,C S 7 6 (3),0.00635852,0.0274923,4566.8
1166,C S 7 6 (4),0.0060759,0.0269157,4566.9
840,R S 7 6 (1),0.00596916,0.018858,4567.6
761,R S 7 6 (2),0.00562624,0.0183577,4567.7
93,R S 7 6 (3),0.00533718,0.0178354,4567.8
178,R S 7 6 (4),0.00504431,0.0173247,4567.9
97,C C 7 6 (1),0.0046036,0.0383779,4576.6
579,C C 7 6 (2),0.00453598,0.0379629,4576.7
416,C C 7 6 (3),0.00459367,0.0382461,4576.8
803,C C 7 6 (4),0.00455819,0.0379846,4576.9
620,R C 7 6 (1),0.00448887,0.0163629,4577.6
1140,R C 7 6 (2),0.00419714,0.0157972,4577.7
471,R C 7 6 (3),0.00392275,0.015318,4577.8
1021,R C 7 6 (4),0.00365446,0.0147537,4577.9
1053,R R 7 6 (1),0.00346077,0.0153333,4587.6
388,R R 7 6 (2),0.00329077,0.0149591,4587.7
878,R R 7 6 (3),0.00307259,0.0144687,4587.8
382,R R 7 6 (4),0.00291595,0.0141139,4587.9
641,S S S 6 (1),0.00211565,0.0636776,4665.6
753,S S S 6 (2),0.0024498,0.0692204,4665.7
750,S S S 6 (3),0.00224826,0.0667958,4665.8
660,S S S 6 (4),0.00228141,0.0664105,4665.9
406,C S S 6 (1),0.00222054,0.0265486,4666.6
254,C S S 6 (2),0.00221671,0.0265325,4666.7
589,C S S 6 (3),0.00220401,0.0264225,4666.8
283,C S S 6 (4),0.00220458,0.0264702,4666.9
822,R S S 6 (1),0.00220399,0.0187045,4667.6
262,R S S 6 (2),0.00210016,0.0182729,4667.7
164,R S S 6 (3),0.00223494,0.0188679,4667.8
138,R S S 6 (4),0.00212317,0.0183754,4667.9
973,C C S 6 (1),0.00200174,0.0252746,4676.6
237,C C S 6 (2),0.00200873,0.0252963,4676.7
716,C C S 6 (3),0.00191208,0.0246823,4676.8
475,C C S 6 (4),0.0018753,0.0243952,4676.9
139,R C S 6 (1),0.00188677,0.010604,4677.6
320,R C S 6 (2),0.00178974,0.0103296,4677.7
486,R C S 6 (3),0.00161455,0.00979777,4677.8
981,R C S 6 (4),0.00146239,0.00932563,4677.9
543,R R S 6 (1),0.00132043,0.00947736,4687.6
308,R R S 6 (2),0.00124786,0.00920919,4687.7
891,R R S 6 (3),0.0011617,0.00888311,4687.8
361,R R S 6 (4),0.00105864,0.00849221,4687.9
706,C C C 6 (1),0.000910827,0.0421263,4776.6
680,C C C 6 (2),0.000889778,0.0418963,4776.7
229,C C C 6 (3),0.000905207,0.041714,4776.8
539,C C C 6 (4),0.000921953,0.0422991,4776.9
205,R C C 6 (1),0.000899873,0.0119593,4777.6
448,R C C 6 (2),0.000892506,0.0119275,4777.7
919,R C C 6 (3),0.000881001,0.0118161,4777.8
302,R C C 6 (4),0.000832082,0.0114809,4777.9
640,R R C 6 (1),0.000777562,0.00728307,4787.6
395,R R C 6 (2),0.000729116,0.00703051,4787.7
568,R R C 6 (3),0.000673947,0.00678101,4787.8
513,R R C 6 (4),0.000580056,0.00627904,4787.9
13,R R R 6 (1),0.000522251,0.00844473,4887.6
404,R R R 6 (2),0.000517694,0.00839189,4887.7
247,R R R 6 (3),0.000493309,0.00818666,4887.8
587,R R R 6 (4),0.000468588,0.0079882,4887.9
203,7 7 7 7 (1),0.000138615,0.0526524,5554.6
1244,7 7 7 7 (2),0.000202082,0.077552,5554.7
744,7 7 7 7 (3),6.93299e-05,0.037237,5554.8
656,7 7 7 7 (4),0.0,0.0,5554.9
405,S 7 7 7 (1),0.000158912,0.0179954,5555.6
250,S 7 7 7 (2),0.000164208,0.0183374,5555.7
582,S 7 7 7 (3),0.000101493,0.0140327,5555.8
284,S 7 7 7 (4),0.000123706,0.0153047,5555.9
768,C 7 7 7 (1),0.000136904,0.016468,5556.6
266,C 7 7 7 (2),0.000190958,0.0186469,5556.7
664,C 7 7 7 (3),0.000109045,0.0141427,5556.8
532,C 7 7 7 (4),0.000111517,0.0149443,5556.9
743,R 7 7 7 (1),0.000102087,0.00978308,5557.6
518,R 7 7 7 (2),0.00015671,0.0123273,5557.7
33,R 7 7 7 (3),0.00016999,0.0128483,5557.8
792,R 7 7 7 (4),0.000150842,0.0119757,5557.9
974,S S 7 7 (1),0.000161469,0.0115598,5565.6
240,S S 7 7 (2),0.000167779,0.0120051,5565.7
717,S S 7 7 (3),0.000116382,0.00999366,5565.8
136,S S 7 7 (4),0.000129747,0.0105142,5565.9
576,C S 7 7 (1),0.000111268,0.00595643,5566.6
319,C S 7 7 (2),0.000161501,0.0071604,5566.7
483,C S 7 7 (3),0.000147708,0.00687255,5566.8
987,C S 7 7 (4),0.000153124,0.00699957,5566.9
605,R S 7 7 (1),0.00014066,0.00472531,5567.6
354,R S 7 7 (2),0.000153104,0.00492611,5567.7
575,R S 7 7 (3),0.000134546,0.00464314,5567.8
445,R S 7 7 (4),0.000123446,0.00443146,5567.9
544,C C 7 7 (1),0.000146088,0.0112599,5576.6
307,C C 7 7 (2),0.000154179,0.011428,5576.7
893,C C 7 7 (3),0.00012104,0.0101466,5576.8
363,C C 7 7 (4),0.000141001,0.0110977,5576.9
1312,R C 7 7 (1),0.000143028,0.00476958,5577.6
123,R C 7 7 (2),0.000124044,0.00443374,5577.7
1233,R C 7 7 (3),0.000126091,0.0044784,5577.8
500,R C 7 7 (4),0.000117927,0.00433698,5577.9
74,R R 7 7 (1),0.000123595,0.00474231,5587.6
1184,R R 7 7 (2),0.000135074,0.00495716,5587.7
202,R R 7 7 (3),0.000135609,0.00495356,5587.8
1245,R R 7 7 (4),0.000123699,0.00474652,5587.9
705,S S S 7 (1),9.18266e-05,0.0135703,5665.6
679,S S S 7 (2),7.06152e-05,0.0117808,5665.7
228,S S S 7 (3),0.00013838,0.0162771,5665.8
533,S S S 7 (4),7.064e-05,0.0112052,5665.9
208,C S S 7 (1),8.69142e-05,0.00526773,5666.6
446,C S S 7 (2),8.05804e-05,0.00507125,5666.7
920,C S S 7 (3),9.36417e-05,0.00547494,5666.8
300,C S S 7 (4),0.000107573,0.00584003,5666.9
55,R S S 7 (1),8.20939e-05,0.00361343,5667.6
1197,R S S 7 (2),8.03284e-05,0.00357024,5667.7
199,R S S 7 (3),9.01008e-05,0.00377633,5667.8
187,R S S 7 (4),7.51625e-05,0.0034566,5667.9
639,C C S 7 (1),6.81038e-05,0.00466927,5676.6
394,C C S 7 (2),7.20572e-05,0.00479139,5676.7
570,C C S 7 (3),6.31333e-05,0.00447035,5676.8
507,C C S 7 (4),6.94482e-05,0.00472471,5676.9
1024,R C S 7 (1),6.02894e-05,0.00189353,5677.6
424,R C S 7 (2),5.04649e-05,0.0017342,5677.7
759,R C S 7 (3),4.09377e-05,0.00155849,5677.8
375,R C S 7 (4),3.56969e-05,0.00145728,5677.9
1272,R R S 7 (1),2.86338e-05,0.00139734,5687.6
372,R R S 7 (2),2.6102e-05,0.00133345,5687.7
1141,R R S 7 (3),2.17713e-05,0.00121734,5687.8
469,R R S 7 (4),1.65174e-05,0.00105907,5687.9
703,C C C 7 (1),2.98731e-05,0.00739495,5776.6
402,C C C 7 (2),5.37634e-06,0.00294474,5776.7
248,C C C 7 (3),2.09936e-05,0.00670319,5776.8
581,C C C 7 (4),0.0,0.0,5776.9
646,R C C 7 (1),1.30701e-05,0.00143264,5777.6
770,R C C 7 (2),1.12623e-05,0.00134675,5777.7
264,R C C 7 (3),5.77696e-06,0.000954563,5777.8
160,R C C 7 (4),5.73014e-06,0.000946778,5777.9
778,R R C 7 (1),6.15095e-06,0.00064849,5787.6
141,R R C 7 (2),4.29685e-06,0.000540073,5787.7
321,R R C 7 (3),4.0868e-06,0.000527734,5787.8
487,R R C 7 (4),1.82532e-06,0.000353568,5787.9
702,R R R 7 (1),1.34234e-06,0.000424584,5887.6
207,R R R 7 (2),2.64878e-06,0.000592521,5887.7
447,R R R 7 (3),0.0,0.0,5887.8
922,R R R 7 (4),2.71214e-06,0.000606478,5887.9
704,S S S S (1),0.0,0.0,6665.6
403,S S S S (2),0.0,0.0,6665.7
251,S S S S (3),0.0,0.0,6665.8
0,S S S S (4),0.0,0.0,6665.9
642,C S S S (1),0.0,0.0,6666.6
769,C S S S (2),0.0,0.0,6666.7
265,C S S S (3),0.0,0.0,6666.8
665,C S S S (4),0.0,0.0,6666.9
860,R S S S (1),0.0,0.0,6667.6
742,R S S S (2),0.0,0.0,6667.7
517,R S S S (3),0.0,0.0,6667.8
34,R S S S (4),0.0,0.0,6667.9
777,C C S S (1),0.0,0.0,6676.6
577,C C S S (2),0.0,0.0,6676.7
323,C C S S (3),0.0,0.0,6676.8
488,C C S S (4),0.0,0.0,6676.9
850,R C S S (1),0.0,0.0,6677.6
604,R C S S (2),0.0,0.0,6677.7
355,R C S S (3),0.0,0.0,6677.8
574,R C S S (4),0.0,0.0,6677.9
368,R R S S (1),0.0,0.0,6687.6
1311,R R S S (2),0.0,0.0,6687.7
125,R R S S (3),0.0,0.0,6687.8
1231,R R S S (4),0.0,0.0,6687.9
701,C C C S (1),0.0,0.0,6776.6
786,C C C S (2),0.0,0.0,6776.7
449,C C C S (3),0.0,0.0,6776.8
923,C C C S (4),0.0,0.0,6776.9
135,R C C S (1),0.0,0.0,6777.6
58,R C C S (2),0.0,0.0,6777.7
1198,R C C S (3),0.0,0.0,6777.8
196,R C C S (4),0.0,0.0,6777.9
666,R R C S (1),0.0,0.0,6787.6
1025,R R C S (2),0.0,0.0,6787.7
425,R R C S (3),0.0,0.0,6787.8
760,R R C S (4),0.0,0.0,6787.9
848,R R R S (1),0.0,0.0,6887.6
644,R R R S (2),0.0,0.0,6887.7
771,R R R S (3),0.0,0.0,6887.8
263,R R R S (4),0.0,0.0,6887.9
847,C C C C (1),0.0,0.0,7776.6
643,C C C C (2),0.0,0.0,7776.7
767,C C C C (3),0.0,0.0,7776.8
260,C C C C (4),0.0,0.0,7776.9
1129,R C C C (1),0.0,0.0,7777.6
861,R C C C (2),0.0,0.0,7777.7
46,R C C C (3),0.0,0.0,7777.8
515,R C C C (4),0.0,0.0,7777.9
99,R R C C (1),0.0,0.0,7787.6
851,R R C C (2),0.0,0.0,7787.7
606,R R C C (3),0.0,0.0,7787.8
418,R R C C (4),0.0,0.0,7787.9
815,R R R C (1),0.0,0.0,7887.6
134,R R R C (2),0.0,0.0,7887.7
57,R R R C (3),0.0,0.0,7887.8
1200,R R R C (4),0.0,0.0,7887.9
9,R R R R (1),0.0,0.0,8887.6
1131,R R R R (2),0.0,0.0,8887.7
863,R R R R (3),0.0,0.0,8887.8
43,R R R R (4),0.0,0.0,8887.9
